run,node_id,num_nodes,num_txn_workers,num_txns,cc_scheme,use_switch,switch_no_conflict,ycsb_opti_test,lm_on_switch,csv_file_cycles,csv_file_periodic,workload,ycsb_table_size,ycsb_write_prob,ycsb_hot_size,ycsb_hot_prob,ycsb_remote_prob,tpcc_num_warehouses,tpcc_num_districts,tpcc_home_w_id,new_order_remote_prob,payment_remote_prob,smallbank_table_size,smallbank_hot_prob,smallbank_remote_prob,smallbank_hot_size,micro_recirc_prob,local_read_lock_failed,local_write_lock_failed,local_lock_success,local_lock_waiting,remote_lock_failed,remote_lock_success,remote_lock_waiting,switch_aborts,tpcc_no_warehouse_read,tpcc_no_district_write,tpcc_no_customer_read,tpcc_no_warehouse_f_get,tpcc_no_district_f_get,tpcc_no_customer_f_get,tpcc_no_stock_acquired,tpcc_no_commits,tpcc_pay_warehouse_write,tpcc_pay_district_write,tpcc_pay_customer_write,tpcc_pay_warehouse_f_get,tpcc_pay_district_f_get,tpcc_pay_customer_f_get,tpcc_pay_commits,micro_recirc_recircs,ycsb_read_commits,ycsb_write_commits,smallbank_amalgamate_commits,smallbank_balance_commits,smallbank_deposit_checking_commits,smallbank_send_payment_commits,smallbank_write_check_commits,smallbank_transact_saving_commits,total_tps,total_cps,total_commits,total_aborts,total_txns,total_on_switch,avg_duration
0,0,8,20,1000000,no_wait,false,true,false,false,cycles.csv,periodic.csv,smallbank,0,0,0,0,0,0,0,0,0,0,1000000,90,20,5,0,0,0,0,0,0,0,0,0,0,0,0,0,0,0,0,0,0,0,0,0,0,0,0,0,0,0,0,0,0,0,0,0,2132651,590211,5534998,14465002,20000000,0,9377996
0,1,8,20,1000000,no_wait,false,true,false,false,cycles.csv,periodic.csv,smallbank,0,0,0,0,0,0,0,0,0,0,1000000,90,20,5,0,0,0,0,0,0,0,0,0,0,0,0,0,0,0,0,0,0,0,0,0,0,0,0,0,0,0,0,0,0,0,0,0,2132435,590365,5537005,14462995,20000000,0,9378948
0,2,8,20,1000000,no_wait,false,true,false,false,cycles.csv,periodic.csv,smallbank,0,0,0,0,0,0,0,0,0,0,1000000,90,20,5,0,0,0,0,0,0,0,0,0,0,0,0,0,0,0,0,0,0,0,0,0,0,0,0,0,0,0,0,0,0,0,0,0,2131657,590667,5541860,14458140,20000000,0,9382370
0,3,8,20,1000000,no_wait,false,true,false,false,cycles.csv,periodic.csv,smallbank,0,0,0,0,0,0,0,0,0,0,1000000,90,20,5,0,0,0,0,0,0,0,0,0,0,0,0,0,0,0,0,0,0,0,0,0,0,0,0,0,0,0,0,0,0,0,0,0,2129654,590271,5543355,14456645,20000000,0,9391196
0,4,8,20,1000000,no_wait,false,true,false,false,cycles.csv,periodic.csv,smallbank,0,0,0,0,0,0,0,0,0,0,1000000,90,20,5,0,0,0,0,0,0,0,0,0,0,0,0,0,0,0,0,0,0,0,0,0,0,0,0,0,0,0,0,0,0,0,0,0,2126394,590260,5551753,14448247,20000000,0,9405592
0,5,8,20,1000000,no_wait,false,true,false,false,cycles.csv,periodic.csv,smallbank,0,0,0,0,0,0,0,0,0,0,1000000,90,20,5,0,0,0,0,0,0,0,0,0,0,0,0,0,0,0,0,0,0,0,0,0,0,0,0,0,0,0,0,0,0,0,0,0,2126393,589038,5540264,14459736,20000000,0,9405599
0,6,8,20,1000000,no_wait,false,true,false,false,cycles.csv,periodic.csv,smallbank,0,0,0,0,0,0,0,0,0,0,1000000,90,20,5,0,0,0,0,0,0,0,0,0,0,0,0,0,0,0,0,0,0,0,0,0,0,0,0,0,0,0,0,0,0,0,0,0,2149378,595355,5539796,14460204,20000000,0,9305015
0,7,8,20,1000000,no_wait,false,true,false,false,cycles.csv,periodic.csv,smallbank,0,0,0,0,0,0,0,0,0,0,1000000,90,20,5,0,0,0,0,0,0,0,0,0,0,0,0,0,0,0,0,0,0,0,0,0,0,0,0,0,0,0,0,0,0,0,0,0,2149080,595379,5540787,14459213,20000000,0,9306304
0,0,8,20,1000000,no_wait,true,true,false,false,cycles.csv,periodic.csv,smallbank,0,0,0,0,0,0,0,0,0,0,1000000,90,20,5,0,0,0,0,0,0,0,0,0,0,0,0,0,0,0,0,0,0,0,0,0,0,0,0,0,0,0,0,0,0,0,0,0,1625073,1609277,19805599,194401,20000000,18000276,12307138
0,1,8,20,1000000,no_wait,true,true,false,false,cycles.csv,periodic.csv,smallbank,0,0,0,0,0,0,0,0,0,0,1000000,90,20,5,0,0,0,0,0,0,0,0,0,0,0,0,0,0,0,0,0,0,0,0,0,0,0,0,0,0,0,0,0,0,0,0,0,1629123,1613224,19804823,195177,20000000,18001174,12276542
0,2,8,20,1000000,no_wait,true,true,false,false,cycles.csv,periodic.csv,smallbank,0,0,0,0,0,0,0,0,0,0,1000000,90,20,5,0,0,0,0,0,0,0,0,0,0,0,0,0,0,0,0,0,0,0,0,0,0,0,0,0,0,0,0,0,0,0,0,0,1629699,1613774,19804555,195445,20000000,18001570,12272198
0,3,8,20,1000000,no_wait,true,true,false,false,cycles.csv,periodic.csv,smallbank,0,0,0,0,0,0,0,0,0,0,1000000,90,20,5,0,0,0,0,0,0,0,0,0,0,0,0,0,0,0,0,0,0,0,0,0,0,0,0,0,0,0,0,0,0,0,0,0,1632300,1616379,19804931,195069,20000000,18002467,12252646
0,4,8,20,1000000,no_wait,true,true,false,false,cycles.csv,periodic.csv,smallbank,0,0,0,0,0,0,0,0,0,0,1000000,90,20,5,0,0,0,0,0,0,0,0,0,0,0,0,0,0,0,0,0,0,0,0,0,0,0,0,0,0,0,0,0,0,0,0,0,1627112,1611246,19804982,195018,20000000,17999029,12291713
0,5,8,20,1000000,no_wait,true,true,false,false,cycles.csv,periodic.csv,smallbank,0,0,0,0,0,0,0,0,0,0,1000000,90,20,5,0,0,0,0,0,0,0,0,0,0,0,0,0,0,0,0,0,0,0,0,0,0,0,0,0,0,0,0,0,0,0,0,0,1622117,1606231,19804131,195869,20000000,17999820,12329564
0,6,8,20,1000000,no_wait,true,true,false,false,cycles.csv,periodic.csv,smallbank,0,0,0,0,0,0,0,0,0,0,1000000,90,20,5,0,0,0,0,0,0,0,0,0,0,0,0,0,0,0,0,0,0,0,0,0,0,0,0,0,0,0,0,0,0,0,0,0,1639942,1624022,19805846,194154,20000000,18001905,12195546
0,7,8,20,1000000,no_wait,true,true,false,false,cycles.csv,periodic.csv,smallbank,0,0,0,0,0,0,0,0,0,0,1000000,90,20,5,0,0,0,0,0,0,0,0,0,0,0,0,0,0,0,0,0,0,0,0,0,0,0,0,0,0,0,0,0,0,0,0,0,1641110,1625086,19804721,195279,20000000,17999714,12186871
0,0,8,20,1000000,no_wait,false,true,false,false,cycles.csv,periodic.csv,smallbank,0,0,0,0,0,0,0,0,0,0,1000000,90,20,10,0,0,0,0,0,0,0,0,0,0,0,0,0,0,0,0,0,0,0,0,0,0,0,0,0,0,0,0,0,0,0,0,0,1908935,768151,8047954,11952046,20000000,0,10477042
0,1,8,20,1000000,no_wait,false,true,false,false,cycles.csv,periodic.csv,smallbank,0,0,0,0,0,0,0,0,0,0,1000000,90,20,10,0,0,0,0,0,0,0,0,0,0,0,0,0,0,0,0,0,0,0,0,0,0,0,0,0,0,0,0,0,0,0,0,0,1908738,769024,8057938,11942062,20000000,0,10478127
0,2,8,20,1000000,no_wait,false,true,false,false,cycles.csv,periodic.csv,smallbank,0,0,0,0,0,0,0,0,0,0,1000000,90,20,10,0,0,0,0,0,0,0,0,0,0,0,0,0,0,0,0,0,0,0,0,0,0,0,0,0,0,0,0,0,0,0,0,0,1908128,768859,8058777,11941223,20000000,0,10481473
0,3,8,20,1000000,no_wait,false,true,false,false,cycles.csv,periodic.csv,smallbank,0,0,0,0,0,0,0,0,0,0,1000000,90,20,10,0,0,0,0,0,0,0,0,0,0,0,0,0,0,0,0,0,0,0,0,0,0,0,0,0,0,0,0,0,0,0,0,0,1907012,768824,8063135,11936865,20000000,0,10487610
0,4,8,20,1000000,no_wait,false,true,false,false,cycles.csv,periodic.csv,smallbank,0,0,0,0,0,0,0,0,0,0,1000000,90,20,10,0,0,0,0,0,0,0,0,0,0,0,0,0,0,0,0,0,0,0,0,0,0,0,0,0,0,0,0,0,0,0,0,0,1904119,767893,8065597,11934403,20000000,0,10503541
0,5,8,20,1000000,no_wait,false,true,false,false,cycles.csv,periodic.csv,smallbank,0,0,0,0,0,0,0,0,0,0,1000000,90,20,10,0,0,0,0,0,0,0,0,0,0,0,0,0,0,0,0,0,0,0,0,0,0,0,0,0,0,0,0,0,0,0,0,0,1904210,766860,8054370,11945630,20000000,0,10503041
0,6,8,20,1000000,no_wait,false,true,false,false,cycles.csv,periodic.csv,smallbank,0,0,0,0,0,0,0,0,0,0,1000000,90,20,10,0,0,0,0,0,0,0,0,0,0,0,0,0,0,0,0,0,0,0,0,0,0,0,0,0,0,0,0,0,0,0,0,0,1922532,773988,8051761,11948239,20000000,0,10402947
0,7,8,20,1000000,no_wait,false,true,false,false,cycles.csv,periodic.csv,smallbank,0,0,0,0,0,0,0,0,0,0,1000000,90,20,10,0,0,0,0,0,0,0,0,0,0,0,0,0,0,0,0,0,0,0,0,0,0,0,0,0,0,0,0,0,0,0,0,0,1920492,773590,8056170,11943830,20000000,0,10413995
0,0,8,20,1000000,no_wait,true,true,false,false,cycles.csv,periodic.csv,smallbank,0,0,0,0,0,0,0,0,0,0,1000000,90,20,10,0,0,0,0,0,0,0,0,0,0,0,0,0,0,0,0,0,0,0,0,0,0,0,0,0,0,0,0,0,0,0,0,0,1633768,1617903,19805791,194209,20000000,18000359,12241640
0,1,8,20,1000000,no_wait,true,true,false,false,cycles.csv,periodic.csv,smallbank,0,0,0,0,0,0,0,0,0,0,1000000,90,20,10,0,0,0,0,0,0,0,0,0,0,0,0,0,0,0,0,0,0,0,0,0,0,0,0,0,0,0,0,0,0,0,0,0,1634142,1618275,19805801,194199,20000000,18001088,12238831
0,2,8,20,1000000,no_wait,true,true,false,false,cycles.csv,periodic.csv,smallbank,0,0,0,0,0,0,0,0,0,0,1000000,90,20,10,0,0,0,0,0,0,0,0,0,0,0,0,0,0,0,0,0,0,0,0,0,0,0,0,0,0,0,0,0,0,0,0,0,1634969,1619081,19805654,194346,20000000,18001314,12232646
0,3,8,20,1000000,no_wait,true,true,false,false,cycles.csv,periodic.csv,smallbank,0,0,0,0,0,0,0,0,0,0,1000000,90,20,10,0,0,0,0,0,0,0,0,0,0,0,0,0,0,0,0,0,0,0,0,0,0,0,0,0,0,0,0,0,0,0,0,0,1636056,1620082,19804723,195277,20000000,18001784,12224516
0,4,8,20,1000000,no_wait,true,true,false,false,cycles.csv,periodic.csv,smallbank,0,0,0,0,0,0,0,0,0,0,1000000,90,20,10,0,0,0,0,0,0,0,0,0,0,0,0,0,0,0,0,0,0,0,0,0,0,0,0,0,0,0,0,0,0,0,0,0,1630800,1614934,19805424,194576,20000000,17999328,12263915
0,5,8,20,1000000,no_wait,true,true,false,false,cycles.csv,periodic.csv,smallbank,0,0,0,0,0,0,0,0,0,0,1000000,90,20,10,0,0,0,0,0,0,0,0,0,0,0,0,0,0,0,0,0,0,0,0,0,0,0,0,0,0,0,0,0,0,0,0,0,1631929,1616052,19805420,194580,20000000,18000549,12255432
0,6,8,20,1000000,no_wait,true,true,false,false,cycles.csv,periodic.csv,smallbank,0,0,0,0,0,0,0,0,0,0,1000000,90,20,10,0,0,0,0,0,0,0,0,0,0,0,0,0,0,0,0,0,0,0,0,0,0,0,0,0,0,0,0,0,0,0,0,0,1650212,1634212,19806078,193922,20000000,18001793,12119649
0,7,8,20,1000000,no_wait,true,true,false,false,cycles.csv,periodic.csv,smallbank,0,0,0,0,0,0,0,0,0,0,1000000,90,20,10,0,0,0,0,0,0,0,0,0,0,0,0,0,0,0,0,0,0,0,0,0,0,0,0,0,0,0,0,0,0,0,0,0,1649416,1633318,19804806,195194,20000000,17999976,12125502
0,0,8,20,1000000,no_wait,false,true,false,false,cycles.csv,periodic.csv,smallbank,0,0,0,0,0,0,0,0,0,0,1000000,90,20,15,0,0,0,0,0,0,0,0,0,0,0,0,0,0,0,0,0,0,0,0,0,0,0,0,0,0,0,0,0,0,0,0,0,1777678,870900,9798184,10201816,20000000,0,11250629
0,1,8,20,1000000,no_wait,false,true,false,false,cycles.csv,periodic.csv,smallbank,0,0,0,0,0,0,0,0,0,0,1000000,90,20,15,0,0,0,0,0,0,0,0,0,0,0,0,0,0,0,0,0,0,0,0,0,0,0,0,0,0,0,0,0,0,0,0,0,1776908,870817,9801492,10198508,20000000,0,11255502
0,2,8,20,1000000,no_wait,false,true,false,false,cycles.csv,periodic.csv,smallbank,0,0,0,0,0,0,0,0,0,0,1000000,90,20,15,0,0,0,0,0,0,0,0,0,0,0,0,0,0,0,0,0,0,0,0,0,0,0,0,0,0,0,0,0,0,0,0,0,1777038,870931,9802051,10197949,20000000,0,11254678
0,3,8,20,1000000,no_wait,false,true,false,false,cycles.csv,periodic.csv,smallbank,0,0,0,0,0,0,0,0,0,0,1000000,90,20,15,0,0,0,0,0,0,0,0,0,0,0,0,0,0,0,0,0,0,0,0,0,0,0,0,0,0,0,0,0,0,0,0,0,1776766,870944,9803700,10196300,20000000,0,11256402
0,4,8,20,1000000,no_wait,false,true,false,false,cycles.csv,periodic.csv,smallbank,0,0,0,0,0,0,0,0,0,0,1000000,90,20,15,0,0,0,0,0,0,0,0,0,0,0,0,0,0,0,0,0,0,0,0,0,0,0,0,0,0,0,0,0,0,0,0,0,1774030,869853,9806518,10193482,20000000,0,11273764
0,5,8,20,1000000,no_wait,false,true,false,false,cycles.csv,periodic.csv,smallbank,0,0,0,0,0,0,0,0,0,0,1000000,90,20,15,0,0,0,0,0,0,0,0,0,0,0,0,0,0,0,0,0,0,0,0,0,0,0,0,0,0,0,0,0,0,0,0,0,1775020,869489,9796953,10203047,20000000,0,11267475
0,6,8,20,1000000,no_wait,false,true,false,false,cycles.csv,periodic.csv,smallbank,0,0,0,0,0,0,0,0,0,0,1000000,90,20,15,0,0,0,0,0,0,0,0,0,0,0,0,0,0,0,0,0,0,0,0,0,0,0,0,0,0,0,0,0,0,0,0,0,1792068,877828,9796814,10203186,20000000,0,11160286
0,7,8,20,1000000,no_wait,false,true,false,false,cycles.csv,periodic.csv,smallbank,0,0,0,0,0,0,0,0,0,0,1000000,90,20,15,0,0,0,0,0,0,0,0,0,0,0,0,0,0,0,0,0,0,0,0,0,0,0,0,0,0,0,0,0,0,0,0,0,1791051,877424,9797869,10202131,20000000,0,11166627
0,0,8,20,1000000,no_wait,true,true,false,false,cycles.csv,periodic.csv,smallbank,0,0,0,0,0,0,0,0,0,0,1000000,90,20,15,0,0,0,0,0,0,0,0,0,0,0,0,0,0,0,0,0,0,0,0,0,0,0,0,0,0,0,0,0,0,0,0,0,1632762,1616908,19805804,194196,20000000,17999757,12249181
0,1,8,20,1000000,no_wait,true,true,false,false,cycles.csv,periodic.csv,smallbank,0,0,0,0,0,0,0,0,0,0,1000000,90,20,15,0,0,0,0,0,0,0,0,0,0,0,0,0,0,0,0,0,0,0,0,0,0,0,0,0,0,0,0,0,0,0,0,0,1633573,1617760,19806401,193599,20000000,18001578,12243100
0,2,8,20,1000000,no_wait,true,true,false,false,cycles.csv,periodic.csv,smallbank,0,0,0,0,0,0,0,0,0,0,1000000,90,20,15,0,0,0,0,0,0,0,0,0,0,0,0,0,0,0,0,0,0,0,0,0,0,0,0,0,0,0,0,0,0,0,0,0,1633520,1617643,19805611,194389,20000000,18000887,12243495
0,3,8,20,1000000,no_wait,true,true,false,false,cycles.csv,periodic.csv,smallbank,0,0,0,0,0,0,0,0,0,0,1000000,90,20,15,0,0,0,0,0,0,0,0,0,0,0,0,0,0,0,0,0,0,0,0,0,0,0,0,0,0,0,0,0,0,0,0,0,1636265,1620305,19804926,195074,20000000,18002242,12222957
0,4,8,20,1000000,no_wait,true,true,false,false,cycles.csv,periodic.csv,smallbank,0,0,0,0,0,0,0,0,0,0,1000000,90,20,15,0,0,0,0,0,0,0,0,0,0,0,0,0,0,0,0,0,0,0,0,0,0,0,0,0,0,0,0,0,0,0,0,0,1631519,1615634,19805268,194732,20000000,17999010,12258510
0,5,8,20,1000000,no_wait,true,true,false,false,cycles.csv,periodic.csv,smallbank,0,0,0,0,0,0,0,0,0,0,1000000,90,20,15,0,0,0,0,0,0,0,0,0,0,0,0,0,0,0,0,0,0,0,0,0,0,0,0,0,0,0,0,0,0,0,0,0,1630608,1614708,19804975,195025,20000000,18000642,12265358
0,6,8,20,1000000,no_wait,true,true,false,false,cycles.csv,periodic.csv,smallbank,0,0,0,0,0,0,0,0,0,0,1000000,90,20,15,0,0,0,0,0,0,0,0,0,0,0,0,0,0,0,0,0,0,0,0,0,0,0,0,0,0,0,0,0,0,0,0,0,1647379,1631418,19806226,193774,20000000,18001078,12140492
0,7,8,20,1000000,no_wait,true,true,false,false,cycles.csv,periodic.csv,smallbank,0,0,0,0,0,0,0,0,0,0,1000000,90,20,15,0,0,0,0,0,0,0,0,0,0,0,0,0,0,0,0,0,0,0,0,0,0,0,0,0,0,0,0,0,0,0,0,0,1646258,1630074,19803384,196616,20000000,18000192,12148757
1,0,8,20,1000000,no_wait,false,true,false,false,cycles.csv,periodic.csv,smallbank,0,0,0,0,0,0,0,0,0,0,1000000,90,20,5,0,0,0,0,0,0,0,0,0,0,0,0,0,0,0,0,0,0,0,0,0,0,0,0,0,0,0,0,0,0,0,0,0,2130169,591718,5555602,14444398,20000000,0,9388924
1,1,8,20,1000000,no_wait,false,true,false,false,cycles.csv,periodic.csv,smallbank,0,0,0,0,0,0,0,0,0,0,1000000,90,20,5,0,0,0,0,0,0,0,0,0,0,0,0,0,0,0,0,0,0,0,0,0,0,0,0,0,0,0,0,0,0,0,0,0,2130441,591802,5555681,14444319,20000000,0,9387727
1,2,8,20,1000000,no_wait,false,true,false,false,cycles.csv,periodic.csv,smallbank,0,0,0,0,0,0,0,0,0,0,1000000,90,20,5,0,0,0,0,0,0,0,0,0,0,0,0,0,0,0,0,0,0,0,0,0,0,0,0,0,0,0,0,0,0,0,0,0,2128488,591321,5556257,14443743,20000000,0,9396338
1,3,8,20,1000000,no_wait,false,true,false,false,cycles.csv,periodic.csv,smallbank,0,0,0,0,0,0,0,0,0,0,1000000,90,20,5,0,0,0,0,0,0,0,0,0,0,0,0,0,0,0,0,0,0,0,0,0,0,0,0,0,0,0,0,0,0,0,0,0,2127016,591251,5559448,14440552,20000000,0,9402843
1,4,8,20,1000000,no_wait,false,true,false,false,cycles.csv,periodic.csv,smallbank,0,0,0,0,0,0,0,0,0,0,1000000,90,20,5,0,0,0,0,0,0,0,0,0,0,0,0,0,0,0,0,0,0,0,0,0,0,0,0,0,0,0,0,0,0,0,0,0,2125940,590956,5559479,14440521,20000000,0,9407602
1,5,8,20,1000000,no_wait,false,true,false,false,cycles.csv,periodic.csv,smallbank,0,0,0,0,0,0,0,0,0,0,1000000,90,20,5,0,0,0,0,0,0,0,0,0,0,0,0,0,0,0,0,0,0,0,0,0,0,0,0,0,0,0,0,0,0,0,0,0,2125908,589840,5549066,14450934,20000000,0,9407744
1,6,8,20,1000000,no_wait,false,true,false,false,cycles.csv,periodic.csv,smallbank,0,0,0,0,0,0,0,0,0,0,1000000,90,20,5,0,0,0,0,0,0,0,0,0,0,0,0,0,0,0,0,0,0,0,0,0,0,0,0,0,0,0,0,0,0,0,0,0,2145423,596350,5559282,14440718,20000000,0,9322169
1,7,8,20,1000000,no_wait,false,true,false,false,cycles.csv,periodic.csv,smallbank,0,0,0,0,0,0,0,0,0,0,1000000,90,20,5,0,0,0,0,0,0,0,0,0,0,0,0,0,0,0,0,0,0,0,0,0,0,0,0,0,0,0,0,0,0,0,0,0,2125798,621760,5849665,14150335,20000000,0,9408228
1,0,8,20,1000000,no_wait,true,true,false,false,cycles.csv,periodic.csv,smallbank,0,0,0,0,0,0,0,0,0,0,1000000,90,20,5,0,0,0,0,0,0,0,0,0,0,0,0,0,0,0,0,0,0,0,0,0,0,0,0,0,0,0,0,0,0,0,0,0,1625951,1610146,19805587,194413,20000000,18000276,12300491
1,1,8,20,1000000,no_wait,true,true,false,false,cycles.csv,periodic.csv,smallbank,0,0,0,0,0,0,0,0,0,0,1000000,90,20,5,0,0,0,0,0,0,0,0,0,0,0,0,0,0,0,0,0,0,0,0,0,0,0,0,0,0,0,0,0,0,0,0,0,1631469,1615542,19804748,195252,20000000,18001174,12258884
1,2,8,20,1000000,no_wait,true,true,false,false,cycles.csv,periodic.csv,smallbank,0,0,0,0,0,0,0,0,0,0,1000000,90,20,5,0,0,0,0,0,0,0,0,0,0,0,0,0,0,0,0,0,0,0,0,0,0,0,0,0,0,0,0,0,0,0,0,0,1631793,1615856,19804670,195330,20000000,18001570,12256454
1,3,8,20,1000000,no_wait,true,true,false,false,cycles.csv,periodic.csv,smallbank,0,0,0,0,0,0,0,0,0,0,1000000,90,20,5,0,0,0,0,0,0,0,0,0,0,0,0,0,0,0,0,0,0,0,0,0,0,0,0,0,0,0,0,0,0,0,0,0,1631539,1615613,19804780,195220,20000000,18002467,12258362
1,4,8,20,1000000,no_wait,true,true,false,false,cycles.csv,periodic.csv,smallbank,0,0,0,0,0,0,0,0,0,0,1000000,90,20,5,0,0,0,0,0,0,0,0,0,0,0,0,0,0,0,0,0,0,0,0,0,0,0,0,0,0,0,0,0,0,0,0,0,1631649,1615749,19805108,194892,20000000,17999029,12257533
1,5,8,20,1000000,no_wait,true,true,false,false,cycles.csv,periodic.csv,smallbank,0,0,0,0,0,0,0,0,0,0,1000000,90,20,5,0,0,0,0,0,0,0,0,0,0,0,0,0,0,0,0,0,0,0,0,0,0,0,0,0,0,0,0,0,0,0,0,0,1626237,1610307,19804093,195907,20000000,17999820,12298327
1,6,8,20,1000000,no_wait,true,true,false,false,cycles.csv,periodic.csv,smallbank,0,0,0,0,0,0,0,0,0,0,1000000,90,20,5,0,0,0,0,0,0,0,0,0,0,0,0,0,0,0,0,0,0,0,0,0,0,0,0,0,0,0,0,0,0,0,0,0,1642864,1626919,19805888,194112,20000000,18001905,12173860
1,7,8,20,1000000,no_wait,true,true,false,false,cycles.csv,periodic.csv,smallbank,0,0,0,0,0,0,0,0,0,0,1000000,90,20,5,0,0,0,0,0,0,0,0,0,0,0,0,0,0,0,0,0,0,0,0,0,0,0,0,0,0,0,0,0,0,0,0,0,1638216,1622222,19804730,195270,20000000,17999714,12208396
1,0,8,20,1000000,no_wait,false,true,false,false,cycles.csv,periodic.csv,smallbank,0,0,0,0,0,0,0,0,0,0,1000000,90,20,10,0,0,0,0,0,0,0,0,0,0,0,0,0,0,0,0,0,0,0,0,0,0,0,0,0,0,0,0,0,0,0,0,0,1901122,765770,8055984,11944016,20000000,0,10520100
1,1,8,20,1000000,no_wait,false,true,false,false,cycles.csv,periodic.csv,smallbank,0,0,0,0,0,0,0,0,0,0,1000000,90,20,10,0,0,0,0,0,0,0,0,0,0,0,0,0,0,0,0,0,0,0,0,0,0,0,0,0,0,0,0,0,0,0,0,0,1902278,766418,8057904,11942096,20000000,0,10513706
1,2,8,20,1000000,no_wait,false,true,false,false,cycles.csv,periodic.csv,smallbank,0,0,0,0,0,0,0,0,0,0,1000000,90,20,10,0,0,0,0,0,0,0,0,0,0,0,0,0,0,0,0,0,0,0,0,0,0,0,0,0,0,0,0,0,0,0,0,0,1900509,766228,8063396,11936604,20000000,0,10523494
1,3,8,20,1000000,no_wait,false,true,false,false,cycles.csv,periodic.csv,smallbank,0,0,0,0,0,0,0,0,0,0,1000000,90,20,10,0,0,0,0,0,0,0,0,0,0,0,0,0,0,0,0,0,0,0,0,0,0,0,0,0,0,0,0,0,0,0,0,0,1901463,765932,8056239,11943761,20000000,0,10518215
1,4,8,20,1000000,no_wait,false,true,false,false,cycles.csv,periodic.csv,smallbank,0,0,0,0,0,0,0,0,0,0,1000000,90,20,10,0,0,0,0,0,0,0,0,0,0,0,0,0,0,0,0,0,0,0,0,0,0,0,0,0,0,0,0,0,0,0,0,0,1896803,765579,8072309,11927691,20000000,0,10544053
1,5,8,20,1000000,no_wait,false,true,false,false,cycles.csv,periodic.csv,smallbank,0,0,0,0,0,0,0,0,0,0,1000000,90,20,10,0,0,0,0,0,0,0,0,0,0,0,0,0,0,0,0,0,0,0,0,0,0,0,0,0,0,0,0,0,0,0,0,0,1898639,764153,8049482,11950518,20000000,0,10533861
1,6,8,20,1000000,no_wait,false,true,false,false,cycles.csv,periodic.csv,smallbank,0,0,0,0,0,0,0,0,0,0,1000000,90,20,10,0,0,0,0,0,0,0,0,0,0,0,0,0,0,0,0,0,0,0,0,0,0,0,0,0,0,0,0,0,0,0,0,0,1916990,772009,8054388,11945612,20000000,0,10433018
1,7,8,20,1000000,no_wait,false,true,false,false,cycles.csv,periodic.csv,smallbank,0,0,0,0,0,0,0,0,0,0,1000000,90,20,10,0,0,0,0,0,0,0,0,0,0,0,0,0,0,0,0,0,0,0,0,0,0,0,0,0,0,0,0,0,0,0,0,0,1916380,771663,8053347,11946653,20000000,0,10436342
1,0,8,20,1000000,no_wait,true,true,false,false,cycles.csv,periodic.csv,smallbank,0,0,0,0,0,0,0,0,0,0,1000000,90,20,10,0,0,0,0,0,0,0,0,0,0,0,0,0,0,0,0,0,0,0,0,0,0,0,0,0,0,0,0,0,0,0,0,0,1639003,1623086,19805767,194233,20000000,18000359,12202537
1,1,8,20,1000000,no_wait,true,true,false,false,cycles.csv,periodic.csv,smallbank,0,0,0,0,0,0,0,0,0,0,1000000,90,20,10,0,0,0,0,0,0,0,0,0,0,0,0,0,0,0,0,0,0,0,0,0,0,0,0,0,0,0,0,0,0,0,0,0,1639431,1623511,19805788,194212,20000000,18001088,12199353
1,2,8,20,1000000,no_wait,true,true,false,false,cycles.csv,periodic.csv,smallbank,0,0,0,0,0,0,0,0,0,0,1000000,90,20,10,0,0,0,0,0,0,0,0,0,0,0,0,0,0,0,0,0,0,0,0,0,0,0,0,0,0,0,0,0,0,0,0,0,1640859,1624910,19805605,194395,20000000,18001314,12188735
1,3,8,20,1000000,no_wait,true,true,false,false,cycles.csv,periodic.csv,smallbank,0,0,0,0,0,0,0,0,0,0,1000000,90,20,10,0,0,0,0,0,0,0,0,0,0,0,0,0,0,0,0,0,0,0,0,0,0,0,0,0,0,0,0,0,0,0,0,0,1643102,1627065,19804796,195204,20000000,18001784,12172092
1,4,8,20,1000000,no_wait,true,true,false,false,cycles.csv,periodic.csv,smallbank,0,0,0,0,0,0,0,0,0,0,1000000,90,20,10,0,0,0,0,0,0,0,0,0,0,0,0,0,0,0,0,0,0,0,0,0,0,0,0,0,0,0,0,0,0,0,0,0,1637668,1621739,19805462,194538,20000000,17999328,12212484
1,5,8,20,1000000,no_wait,true,true,false,false,cycles.csv,periodic.csv,smallbank,0,0,0,0,0,0,0,0,0,0,1000000,90,20,10,0,0,0,0,0,0,0,0,0,0,0,0,0,0,0,0,0,0,0,0,0,0,0,0,0,0,0,0,0,0,0,0,0,1637145,1621219,19805431,194569,20000000,18000549,12216382
1,6,8,20,1000000,no_wait,true,true,false,false,cycles.csv,periodic.csv,smallbank,0,0,0,0,0,0,0,0,0,0,1000000,90,20,10,0,0,0,0,0,0,0,0,0,0,0,0,0,0,0,0,0,0,0,0,0,0,0,0,0,0,0,0,0,0,0,0,0,1656602,1640533,19805998,194002,20000000,18001793,12072904
1,7,8,20,1000000,no_wait,true,true,false,false,cycles.csv,periodic.csv,smallbank,0,0,0,0,0,0,0,0,0,0,1000000,90,20,10,0,0,0,0,0,0,0,0,0,0,0,0,0,0,0,0,0,0,0,0,0,0,0,0,0,0,0,0,0,0,0,0,0,1655500,1639339,19804767,195233,20000000,17999976,12080942
1,0,8,20,1000000,no_wait,false,true,false,false,cycles.csv,periodic.csv,smallbank,0,0,0,0,0,0,0,0,0,0,1000000,90,20,15,0,0,0,0,0,0,0,0,0,0,0,0,0,0,0,0,0,0,0,0,0,0,0,0,0,0,0,0,0,0,0,0,0,1769293,866850,9798829,10201171,20000000,0,11303945
1,1,8,20,1000000,no_wait,false,true,false,false,cycles.csv,periodic.csv,smallbank,0,0,0,0,0,0,0,0,0,0,1000000,90,20,15,0,0,0,0,0,0,0,0,0,0,0,0,0,0,0,0,0,0,0,0,0,0,0,0,0,0,0,0,0,0,0,0,0,1769616,867230,9801337,10198663,20000000,0,11301886
1,2,8,20,1000000,no_wait,false,true,false,false,cycles.csv,periodic.csv,smallbank,0,0,0,0,0,0,0,0,0,0,1000000,90,20,15,0,0,0,0,0,0,0,0,0,0,0,0,0,0,0,0,0,0,0,0,0,0,0,0,0,0,0,0,0,0,0,0,0,1769657,867056,9799142,10200858,20000000,0,11301619
1,3,8,20,1000000,no_wait,false,true,false,false,cycles.csv,periodic.csv,smallbank,0,0,0,0,0,0,0,0,0,0,1000000,90,20,15,0,0,0,0,0,0,0,0,0,0,0,0,0,0,0,0,0,0,0,0,0,0,0,0,0,0,0,0,0,0,0,0,0,1769186,867696,9808992,10191008,20000000,0,11304632
1,4,8,20,1000000,no_wait,false,true,false,false,cycles.csv,periodic.csv,smallbank,0,0,0,0,0,0,0,0,0,0,1000000,90,20,15,0,0,0,0,0,0,0,0,0,0,0,0,0,0,0,0,0,0,0,0,0,0,0,0,0,0,0,0,0,0,0,0,0,1767290,866355,9804334,10195666,20000000,0,11316758
1,5,8,20,1000000,no_wait,false,true,false,false,cycles.csv,periodic.csv,smallbank,0,0,0,0,0,0,0,0,0,0,1000000,90,20,15,0,0,0,0,0,0,0,0,0,0,0,0,0,0,0,0,0,0,0,0,0,0,0,0,0,0,0,0,0,0,0,0,0,1766880,865179,9793303,10206697,20000000,0,11319385
1,6,8,20,1000000,no_wait,false,true,false,false,cycles.csv,periodic.csv,smallbank,0,0,0,0,0,0,0,0,0,0,1000000,90,20,15,0,0,0,0,0,0,0,0,0,0,0,0,0,0,0,0,0,0,0,0,0,0,0,0,0,0,0,0,0,0,0,0,0,1783791,874001,9799364,10200636,20000000,0,11212074
1,7,8,20,1000000,no_wait,false,true,false,false,cycles.csv,periodic.csv,smallbank,0,0,0,0,0,0,0,0,0,0,1000000,90,20,15,0,0,0,0,0,0,0,0,0,0,0,0,0,0,0,0,0,0,0,0,0,0,0,0,0,0,0,0,0,0,0,0,0,1782744,873593,9800545,10199455,20000000,0,11218660
1,0,8,20,1000000,no_wait,true,true,false,false,cycles.csv,periodic.csv,smallbank,0,0,0,0,0,0,0,0,0,0,1000000,90,20,15,0,0,0,0,0,0,0,0,0,0,0,0,0,0,0,0,0,0,0,0,0,0,0,0,0,0,0,0,0,0,0,0,0,1635216,1619332,19805726,194274,20000000,17999757,12230798
1,1,8,20,1000000,no_wait,true,true,false,false,cycles.csv,periodic.csv,smallbank,0,0,0,0,0,0,0,0,0,0,1000000,90,20,15,0,0,0,0,0,0,0,0,0,0,0,0,0,0,0,0,0,0,0,0,0,0,0,0,0,0,0,0,0,0,0,0,0,1636629,1620767,19806168,193832,20000000,18001578,12220237
1,2,8,20,1000000,no_wait,true,true,false,false,cycles.csv,periodic.csv,smallbank,0,0,0,0,0,0,0,0,0,0,1000000,90,20,15,0,0,0,0,0,0,0,0,0,0,0,0,0,0,0,0,0,0,0,0,0,0,0,0,0,0,0,0,0,0,0,0,0,1635743,1619823,19805347,194653,20000000,18000887,12226857
1,3,8,20,1000000,no_wait,true,true,false,false,cycles.csv,periodic.csv,smallbank,0,0,0,0,0,0,0,0,0,0,1000000,90,20,15,0,0,0,0,0,0,0,0,0,0,0,0,0,0,0,0,0,0,0,0,0,0,0,0,0,0,0,0,0,0,0,0,0,1638628,1622622,19804640,195360,20000000,18002242,12205329
1,4,8,20,1000000,no_wait,true,true,false,false,cycles.csv,periodic.csv,smallbank,0,0,0,0,0,0,0,0,0,0,1000000,90,20,15,0,0,0,0,0,0,0,0,0,0,0,0,0,0,0,0,0,0,0,0,0,0,0,0,0,0,0,0,0,0,0,0,0,1633791,1617881,19805243,194757,20000000,17999010,12241466
1,5,8,20,1000000,no_wait,true,true,false,false,cycles.csv,periodic.csv,smallbank,0,0,0,0,0,0,0,0,0,0,1000000,90,20,15,0,0,0,0,0,0,0,0,0,0,0,0,0,0,0,0,0,0,0,0,0,0,0,0,0,0,0,0,0,0,0,0,0,1633449,1617517,19804926,195074,20000000,18000642,12244024
1,6,8,20,1000000,no_wait,true,true,false,false,cycles.csv,periodic.csv,smallbank,0,0,0,0,0,0,0,0,0,0,1000000,90,20,15,0,0,0,0,0,0,0,0,0,0,0,0,0,0,0,0,0,0,0,0,0,0,0,0,0,0,0,0,0,0,0,0,0,1649383,1633397,19806163,193837,20000000,18001078,12125746
1,7,8,20,1000000,no_wait,true,true,false,false,cycles.csv,periodic.csv,smallbank,0,0,0,0,0,0,0,0,0,0,1000000,90,20,15,0,0,0,0,0,0,0,0,0,0,0,0,0,0,0,0,0,0,0,0,0,0,0,0,0,0,0,0,0,0,0,0,0,1651439,1635286,19804375,195625,20000000,18000192,12110647
2,0,8,20,1000000,no_wait,false,true,false,false,cycles.csv,periodic.csv,smallbank,0,0,0,0,0,0,0,0,0,0,1000000,90,20,5,0,0,0,0,0,0,0,0,0,0,0,0,0,0,0,0,0,0,0,0,0,0,0,0,0,0,0,0,0,0,0,0,0,2142430,593388,5539395,14460605,20000000,0,9335190
2,1,8,20,1000000,no_wait,false,true,false,false,cycles.csv,periodic.csv,smallbank,0,0,0,0,0,0,0,0,0,0,1000000,90,20,5,0,0,0,0,0,0,0,0,0,0,0,0,0,0,0,0,0,0,0,0,0,0,0,0,0,0,0,0,0,0,0,0,0,2143614,593829,5540449,14459551,20000000,0,9330035
2,2,8,20,1000000,no_wait,false,true,false,false,cycles.csv,periodic.csv,smallbank,0,0,0,0,0,0,0,0,0,0,1000000,90,20,5,0,0,0,0,0,0,0,0,0,0,0,0,0,0,0,0,0,0,0,0,0,0,0,0,0,0,0,0,0,0,0,0,0,2139924,593266,5544742,14455258,20000000,0,9346125
2,3,8,20,1000000,no_wait,false,true,false,false,cycles.csv,periodic.csv,smallbank,0,0,0,0,0,0,0,0,0,0,1000000,90,20,5,0,0,0,0,0,0,0,0,0,0,0,0,0,0,0,0,0,0,0,0,0,0,0,0,0,0,0,0,0,0,0,0,0,2139411,593348,5546838,14453162,20000000,0,9348364
2,4,8,20,1000000,no_wait,false,true,false,false,cycles.csv,periodic.csv,smallbank,0,0,0,0,0,0,0,0,0,0,1000000,90,20,5,0,0,0,0,0,0,0,0,0,0,0,0,0,0,0,0,0,0,0,0,0,0,0,0,0,0,0,0,0,0,0,0,0,2137782,592820,5546121,14453879,20000000,0,9355487
2,5,8,20,1000000,no_wait,false,true,false,false,cycles.csv,periodic.csv,smallbank,0,0,0,0,0,0,0,0,0,0,1000000,90,20,5,0,0,0,0,0,0,0,0,0,0,0,0,0,0,0,0,0,0,0,0,0,0,0,0,0,0,0,0,0,0,0,0,0,2137085,591814,5538518,14461482,20000000,0,9358538
2,6,8,20,1000000,no_wait,false,true,false,false,cycles.csv,periodic.csv,smallbank,0,0,0,0,0,0,0,0,0,0,1000000,90,20,5,0,0,0,0,0,0,0,0,0,0,0,0,0,0,0,0,0,0,0,0,0,0,0,0,0,0,0,0,0,0,0,0,0,2160015,598239,5539211,14460789,20000000,0,9259192
2,7,8,20,1000000,no_wait,false,true,false,false,cycles.csv,periodic.csv,smallbank,0,0,0,0,0,0,0,0,0,0,1000000,90,20,5,0,0,0,0,0,0,0,0,0,0,0,0,0,0,0,0,0,0,0,0,0,0,0,0,0,0,0,0,0,0,0,0,0,2160511,598635,5541612,14458388,20000000,0,9257065
2,0,8,20,1000000,no_wait,true,true,false,false,cycles.csv,periodic.csv,smallbank,0,0,0,0,0,0,0,0,0,0,1000000,90,20,5,0,0,0,0,0,0,0,0,0,0,0,0,0,0,0,0,0,0,0,0,0,0,0,0,0,0,0,0,0,0,0,0,0,1627198,1611387,19805659,194341,20000000,18000276,12291062
2,1,8,20,1000000,no_wait,true,true,false,false,cycles.csv,periodic.csv,smallbank,0,0,0,0,0,0,0,0,0,0,1000000,90,20,5,0,0,0,0,0,0,0,0,0,0,0,0,0,0,0,0,0,0,0,0,0,0,0,0,0,0,0,0,0,0,0,0,0,1633691,1617750,19804843,195157,20000000,18001174,12242210
2,2,8,20,1000000,no_wait,true,true,false,false,cycles.csv,periodic.csv,smallbank,0,0,0,0,0,0,0,0,0,0,1000000,90,20,5,0,0,0,0,0,0,0,0,0,0,0,0,0,0,0,0,0,0,0,0,0,0,0,0,0,0,0,0,0,0,0,0,0,1635116,1619153,19804741,195259,20000000,18001570,12231543
2,3,8,20,1000000,no_wait,true,true,false,false,cycles.csv,periodic.csv,smallbank,0,0,0,0,0,0,0,0,0,0,1000000,90,20,5,0,0,0,0,0,0,0,0,0,0,0,0,0,0,0,0,0,0,0,0,0,0,0,0,0,0,0,0,0,0,0,0,0,1635454,1619503,19804930,195070,20000000,18002467,12229016
2,4,8,20,1000000,no_wait,true,true,false,false,cycles.csv,periodic.csv,smallbank,0,0,0,0,0,0,0,0,0,0,1000000,90,20,5,0,0,0,0,0,0,0,0,0,0,0,0,0,0,0,0,0,0,0,0,0,0,0,0,0,0,0,0,0,0,0,0,0,1633063,1617151,19805123,194877,20000000,17999029,12246918
2,5,8,20,1000000,no_wait,true,true,false,false,cycles.csv,periodic.csv,smallbank,0,0,0,0,0,0,0,0,0,0,1000000,90,20,5,0,0,0,0,0,0,0,0,0,0,0,0,0,0,0,0,0,0,0,0,0,0,0,0,0,0,0,0,0,0,0,0,0,1621807,1605917,19804043,195957,20000000,17999820,12331920
2,6,8,20,1000000,no_wait,true,true,false,false,cycles.csv,periodic.csv,smallbank,0,0,0,0,0,0,0,0,0,0,1000000,90,20,5,0,0,0,0,0,0,0,0,0,0,0,0,0,0,0,0,0,0,0,0,0,0,0,0,0,0,0,0,0,0,0,0,0,1646216,1630235,19805846,194154,20000000,18001905,12149067
2,7,8,20,1000000,no_wait,true,true,false,false,cycles.csv,periodic.csv,smallbank,0,0,0,0,0,0,0,0,0,0,1000000,90,20,5,0,0,0,0,0,0,0,0,0,0,0,0,0,0,0,0,0,0,0,0,0,0,0,0,0,0,0,0,0,0,0,0,0,1645824,1629754,19804718,195282,20000000,17999714,12151964
2,0,8,20,1000000,no_wait,false,true,false,false,cycles.csv,periodic.csv,smallbank,0,0,0,0,0,0,0,0,0,0,1000000,90,20,10,0,0,0,0,0,0,0,0,0,0,0,0,0,0,0,0,0,0,0,0,0,0,0,0,0,0,0,0,0,0,0,0,0,1899731,764923,8052965,11947035,20000000,0,10527803
2,1,8,20,1000000,no_wait,false,true,false,false,cycles.csv,periodic.csv,smallbank,0,0,0,0,0,0,0,0,0,0,1000000,90,20,10,0,0,0,0,0,0,0,0,0,0,0,0,0,0,0,0,0,0,0,0,0,0,0,0,0,0,0,0,0,0,0,0,0,1899795,765081,8054353,11945647,20000000,0,10527450
2,2,8,20,1000000,no_wait,false,true,false,false,cycles.csv,periodic.csv,smallbank,0,0,0,0,0,0,0,0,0,0,1000000,90,20,10,0,0,0,0,0,0,0,0,0,0,0,0,0,0,0,0,0,0,0,0,0,0,0,0,0,0,0,0,0,0,0,0,0,1898846,764691,8054272,11945728,20000000,0,10532709
2,3,8,20,1000000,no_wait,false,true,false,false,cycles.csv,periodic.csv,smallbank,0,0,0,0,0,0,0,0,0,0,1000000,90,20,10,0,0,0,0,0,0,0,0,0,0,0,0,0,0,0,0,0,0,0,0,0,0,0,0,0,0,0,0,0,0,0,0,0,1897350,765031,8064213,11935787,20000000,0,10541014
2,4,8,20,1000000,no_wait,false,true,false,false,cycles.csv,periodic.csv,smallbank,0,0,0,0,0,0,0,0,0,0,1000000,90,20,10,0,0,0,0,0,0,0,0,0,0,0,0,0,0,0,0,0,0,0,0,0,0,0,0,0,0,0,0,0,0,0,0,0,1895621,765011,8071353,11928647,20000000,0,10550631
2,5,8,20,1000000,no_wait,false,true,false,false,cycles.csv,periodic.csv,smallbank,0,0,0,0,0,0,0,0,0,0,1000000,90,20,10,0,0,0,0,0,0,0,0,0,0,0,0,0,0,0,0,0,0,0,0,0,0,0,0,0,0,0,0,0,0,0,0,0,1895210,763048,8052384,11947616,20000000,0,10552919
2,6,8,20,1000000,no_wait,false,true,false,false,cycles.csv,periodic.csv,smallbank,0,0,0,0,0,0,0,0,0,0,1000000,90,20,10,0,0,0,0,0,0,0,0,0,0,0,0,0,0,0,0,0,0,0,0,0,0,0,0,0,0,0,0,0,0,0,0,0,1914795,770818,8051185,11948815,20000000,0,10444978
2,7,8,20,1000000,no_wait,false,true,false,false,cycles.csv,periodic.csv,smallbank,0,0,0,0,0,0,0,0,0,0,1000000,90,20,10,0,0,0,0,0,0,0,0,0,0,0,0,0,0,0,0,0,0,0,0,0,0,0,0,0,0,0,0,0,0,0,0,0,1914451,771361,8058300,11941700,20000000,0,10446859
2,0,8,20,1000000,no_wait,true,true,false,false,cycles.csv,periodic.csv,smallbank,0,0,0,0,0,0,0,0,0,0,1000000,90,20,10,0,0,0,0,0,0,0,0,0,0,0,0,0,0,0,0,0,0,0,0,0,0,0,0,0,0,0,0,0,0,0,0,0,1635296,1619425,19805896,194104,20000000,18000359,12230198
2,1,8,20,1000000,no_wait,true,true,false,false,cycles.csv,periodic.csv,smallbank,0,0,0,0,0,0,0,0,0,0,1000000,90,20,10,0,0,0,0,0,0,0,0,0,0,0,0,0,0,0,0,0,0,0,0,0,0,0,0,0,0,0,0,0,0,0,0,0,1637264,1621371,19805863,194137,20000000,18001088,12215497
2,2,8,20,1000000,no_wait,true,true,false,false,cycles.csv,periodic.csv,smallbank,0,0,0,0,0,0,0,0,0,0,1000000,90,20,10,0,0,0,0,0,0,0,0,0,0,0,0,0,0,0,0,0,0,0,0,0,0,0,0,0,0,0,0,0,0,0,0,0,1637918,1622010,19805759,194241,20000000,18001314,12210623
2,3,8,20,1000000,no_wait,true,true,false,false,cycles.csv,periodic.csv,smallbank,0,0,0,0,0,0,0,0,0,0,1000000,90,20,10,0,0,0,0,0,0,0,0,0,0,0,0,0,0,0,0,0,0,0,0,0,0,0,0,0,0,0,0,0,0,0,0,0,1638967,1622989,19805026,194974,20000000,18001784,12202803
2,4,8,20,1000000,no_wait,true,true,false,false,cycles.csv,periodic.csv,smallbank,0,0,0,0,0,0,0,0,0,0,1000000,90,20,10,0,0,0,0,0,0,0,0,0,0,0,0,0,0,0,0,0,0,0,0,0,0,0,0,0,0,0,0,0,0,0,0,0,1633984,1618104,19805633,194367,20000000,17999328,12240018
2,5,8,20,1000000,no_wait,true,true,false,false,cycles.csv,periodic.csv,smallbank,0,0,0,0,0,0,0,0,0,0,1000000,90,20,10,0,0,0,0,0,0,0,0,0,0,0,0,0,0,0,0,0,0,0,0,0,0,0,0,0,0,0,0,0,0,0,0,0,1635779,1619878,19805589,194411,20000000,18000549,12226588
2,6,8,20,1000000,no_wait,true,true,false,false,cycles.csv,periodic.csv,smallbank,0,0,0,0,0,0,0,0,0,0,1000000,90,20,10,0,0,0,0,0,0,0,0,0,0,0,0,0,0,0,0,0,0,0,0,0,0,0,0,0,0,0,0,0,0,0,0,0,1652023,1636011,19806150,193850,20000000,18001793,12106362
2,7,8,20,1000000,no_wait,true,true,false,false,cycles.csv,periodic.csv,smallbank,0,0,0,0,0,0,0,0,0,0,1000000,90,20,10,0,0,0,0,0,0,0,0,0,0,0,0,0,0,0,0,0,0,0,0,0,0,0,0,0,0,0,0,0,0,0,0,0,1650506,1634307,19803709,196291,20000000,17999976,12117493
2,0,8,20,1000000,no_wait,false,true,false,false,cycles.csv,periodic.csv,smallbank,0,0,0,0,0,0,0,0,0,0,1000000,90,20,15,0,0,0,0,0,0,0,0,0,0,0,0,0,0,0,0,0,0,0,0,0,0,0,0,0,0,0,0,0,0,0,0,0,1786690,874583,9789980,10210020,20000000,0,11193882
2,1,8,20,1000000,no_wait,false,true,false,false,cycles.csv,periodic.csv,smallbank,0,0,0,0,0,0,0,0,0,0,1000000,90,20,15,0,0,0,0,0,0,0,0,0,0,0,0,0,0,0,0,0,0,0,0,0,0,0,0,0,0,0,0,0,0,0,0,0,1784826,874933,9804133,10195867,20000000,0,11205574
2,2,8,20,1000000,no_wait,false,true,false,false,cycles.csv,periodic.csv,smallbank,0,0,0,0,0,0,0,0,0,0,1000000,90,20,15,0,0,0,0,0,0,0,0,0,0,0,0,0,0,0,0,0,0,0,0,0,0,0,0,0,0,0,0,0,0,0,0,0,1785464,874267,9793168,10206832,20000000,0,11201569
2,3,8,20,1000000,no_wait,false,true,false,false,cycles.csv,periodic.csv,smallbank,0,0,0,0,0,0,0,0,0,0,1000000,90,20,15,0,0,0,0,0,0,0,0,0,0,0,0,0,0,0,0,0,0,0,0,0,0,0,0,0,0,0,0,0,0,0,0,0,1785592,875219,9803124,10196876,20000000,0,11200763
2,4,8,20,1000000,no_wait,false,true,false,false,cycles.csv,periodic.csv,smallbank,0,0,0,0,0,0,0,0,0,0,1000000,90,20,15,0,0,0,0,0,0,0,0,0,0,0,0,0,0,0,0,0,0,0,0,0,0,0,0,0,0,0,0,0,0,0,0,0,1783038,874284,9806684,10193316,20000000,0,11216807
2,5,8,20,1000000,no_wait,false,true,false,false,cycles.csv,periodic.csv,smallbank,0,0,0,0,0,0,0,0,0,0,1000000,90,20,15,0,0,0,0,0,0,0,0,0,0,0,0,0,0,0,0,0,0,0,0,0,0,0,0,0,0,0,0,0,0,0,0,0,1784752,873609,9789696,10210304,20000000,0,11206038
2,6,8,20,1000000,no_wait,false,true,false,false,cycles.csv,periodic.csv,smallbank,0,0,0,0,0,0,0,0,0,0,1000000,90,20,15,0,0,0,0,0,0,0,0,0,0,0,0,0,0,0,0,0,0,0,0,0,0,0,0,0,0,0,0,0,0,0,0,0,1801216,882640,9800497,10199503,20000000,0,11103610
2,7,8,20,1000000,no_wait,false,true,false,false,cycles.csv,periodic.csv,smallbank,0,0,0,0,0,0,0,0,0,0,1000000,90,20,15,0,0,0,0,0,0,0,0,0,0,0,0,0,0,0,0,0,0,0,0,0,0,0,0,0,0,0,0,0,0,0,0,0,1796025,879870,9797980,10202020,20000000,0,11135701
2,0,8,20,1000000,no_wait,true,true,false,false,cycles.csv,periodic.csv,smallbank,0,0,0,0,0,0,0,0,0,0,1000000,90,20,15,0,0,0,0,0,0,0,0,0,0,0,0,0,0,0,0,0,0,0,0,0,0,0,0,0,0,0,0,0,0,0,0,0,1631145,1615305,19805778,194222,20000000,17999757,12261320
2,1,8,20,1000000,no_wait,true,true,false,false,cycles.csv,periodic.csv,smallbank,0,0,0,0,0,0,0,0,0,0,1000000,90,20,15,0,0,0,0,0,0,0,0,0,0,0,0,0,0,0,0,0,0,0,0,0,0,0,0,0,0,0,0,0,0,0,0,0,1629966,1614160,19806056,193944,20000000,18001578,12270191
2,2,8,20,1000000,no_wait,true,true,false,false,cycles.csv,periodic.csv,smallbank,0,0,0,0,0,0,0,0,0,0,1000000,90,20,15,0,0,0,0,0,0,0,0,0,0,0,0,0,0,0,0,0,0,0,0,0,0,0,0,0,0,0,0,0,0,0,0,0,1630838,1614964,19805334,194666,20000000,18000887,12263632
2,3,8,20,1000000,no_wait,true,true,false,false,cycles.csv,periodic.csv,smallbank,0,0,0,0,0,0,0,0,0,0,1000000,90,20,15,0,0,0,0,0,0,0,0,0,0,0,0,0,0,0,0,0,0,0,0,0,0,0,0,0,0,0,0,0,0,0,0,0,1633253,1617306,19804725,195275,20000000,18002242,12245500
2,4,8,20,1000000,no_wait,true,true,false,false,cycles.csv,periodic.csv,smallbank,0,0,0,0,0,0,0,0,0,0,1000000,90,20,15,0,0,0,0,0,0,0,0,0,0,0,0,0,0,0,0,0,0,0,0,0,0,0,0,0,0,0,0,0,0,0,0,0,1626863,1611004,19805034,194966,20000000,17999010,12293595
2,5,8,20,1000000,no_wait,true,true,false,false,cycles.csv,periodic.csv,smallbank,0,0,0,0,0,0,0,0,0,0,1000000,90,20,15,0,0,0,0,0,0,0,0,0,0,0,0,0,0,0,0,0,0,0,0,0,0,0,0,0,0,0,0,0,0,0,0,0,1630292,1614397,19804994,195006,20000000,18000642,12267734
2,6,8,20,1000000,no_wait,true,true,false,false,cycles.csv,periodic.csv,smallbank,0,0,0,0,0,0,0,0,0,0,1000000,90,20,15,0,0,0,0,0,0,0,0,0,0,0,0,0,0,0,0,0,0,0,0,0,0,0,0,0,0,0,0,0,0,0,0,0,1646481,1630534,19806297,193703,20000000,18001078,12147116
2,7,8,20,1000000,no_wait,true,true,false,false,cycles.csv,periodic.csv,smallbank,0,0,0,0,0,0,0,0,0,0,1000000,90,20,15,0,0,0,0,0,0,0,0,0,0,0,0,0,0,0,0,0,0,0,0,0,0,0,0,0,0,0,0,0,0,0,0,0,1642129,1626068,19804384,195616,20000000,18000192,12179304
0,0,8,20,1000000,wait_die,false,true,false,false,cycles.csv,periodic.csv,smallbank,0,0,0,0,0,0,0,0,0,0,1000000,90,20,5,0,0,0,0,0,0,0,0,0,0,0,0,0,0,0,0,0,0,0,0,0,0,0,0,0,0,0,0,0,0,0,0,0,1376436,506967,7366370,12633630,20000000,0,14530270
0,1,8,20,1000000,wait_die,false,true,false,false,cycles.csv,periodic.csv,smallbank,0,0,0,0,0,0,0,0,0,0,1000000,90,20,5,0,0,0,0,0,0,0,0,0,0,0,0,0,0,0,0,0,0,0,0,0,0,0,0,0,0,0,0,0,0,0,0,0,1030917,483789,9385618,10614382,20000000,0,19400199
0,2,8,20,1000000,wait_die,false,true,false,false,cycles.csv,periodic.csv,smallbank,0,0,0,0,0,0,0,0,0,0,1000000,90,20,5,0,0,0,0,0,0,0,0,0,0,0,0,0,0,0,0,0,0,0,0,0,0,0,0,0,0,0,0,0,0,0,0,0,874440,491784,11247980,8752020,20000000,0,22871766
0,3,8,20,1000000,wait_die,false,true,false,false,cycles.csv,periodic.csv,smallbank,0,0,0,0,0,0,0,0,0,0,1000000,90,20,5,0,0,0,0,0,0,0,0,0,0,0,0,0,0,0,0,0,0,0,0,0,0,0,0,0,0,0,0,0,0,0,0,0,903522,478913,10601026,9398974,20000000,0,22135581
0,4,8,20,1000000,wait_die,false,true,false,false,cycles.csv,periodic.csv,smallbank,0,0,0,0,0,0,0,0,0,0,1000000,90,20,5,0,0,0,0,0,0,0,0,0,0,0,0,0,0,0,0,0,0,0,0,0,0,0,0,0,0,0,0,0,0,0,0,0,872289,487427,11175826,8824174,20000000,0,22928172
0,5,8,20,1000000,wait_die,false,true,false,false,cycles.csv,periodic.csv,smallbank,0,0,0,0,0,0,0,0,0,0,1000000,90,20,5,0,0,0,0,0,0,0,0,0,0,0,0,0,0,0,0,0,0,0,0,0,0,0,0,0,0,0,0,0,0,0,0,0,980319,514591,10498442,9501558,20000000,0,20401522
0,6,8,20,1000000,wait_die,false,true,false,false,cycles.csv,periodic.csv,smallbank,0,0,0,0,0,0,0,0,0,0,1000000,90,20,5,0,0,0,0,0,0,0,0,0,0,0,0,0,0,0,0,0,0,0,0,0,0,0,0,0,0,0,0,0,0,0,0,0,1723861,551166,6394559,13605441,20000000,0,11601862
0,7,8,20,1000000,wait_die,false,true,false,false,cycles.csv,periodic.csv,smallbank,0,0,0,0,0,0,0,0,0,0,1000000,90,20,5,0,0,0,0,0,0,0,0,0,0,0,0,0,0,0,0,0,0,0,0,0,0,0,0,0,0,0,0,0,0,0,0,0,2092318,598215,5718208,14281792,20000000,0,9558772
0,0,8,20,1000000,wait_die,true,true,false,false,cycles.csv,periodic.csv,smallbank,0,0,0,0,0,0,0,0,0,0,1000000,90,20,5,0,0,0,0,0,0,0,0,0,0,0,0,0,0,0,0,0,0,0,0,0,0,0,0,0,0,0,0,0,0,0,0,0,1638389,1622472,19805693,194307,20000000,18000276,12207108
0,1,8,20,1000000,wait_die,true,true,false,false,cycles.csv,periodic.csv,smallbank,0,0,0,0,0,0,0,0,0,0,1000000,90,20,5,0,0,0,0,0,0,0,0,0,0,0,0,0,0,0,0,0,0,0,0,0,0,0,0,0,0,0,0,0,0,0,0,0,1641852,1625834,19804878,195122,20000000,18001174,12181363
0,2,8,20,1000000,wait_die,true,true,false,false,cycles.csv,periodic.csv,smallbank,0,0,0,0,0,0,0,0,0,0,1000000,90,20,5,0,0,0,0,0,0,0,0,0,0,0,0,0,0,0,0,0,0,0,0,0,0,0,0,0,0,0,0,0,0,0,0,0,1641932,1625895,19804660,195340,20000000,18001570,12180767
0,3,8,20,1000000,wait_die,true,true,false,false,cycles.csv,periodic.csv,smallbank,0,0,0,0,0,0,0,0,0,0,1000000,90,20,5,0,0,0,0,0,0,0,0,0,0,0,0,0,0,0,0,0,0,0,0,0,0,0,0,0,0,0,0,0,0,0,0,0,1642572,1626556,19804980,195020,20000000,18002467,12176020
0,4,8,20,1000000,wait_die,true,true,false,false,cycles.csv,periodic.csv,smallbank,0,0,0,0,0,0,0,0,0,0,1000000,90,20,5,0,0,0,0,0,0,0,0,0,0,0,0,0,0,0,0,0,0,0,0,0,0,0,0,0,0,0,0,0,0,0,0,0,1640949,1624954,19805043,194957,20000000,17999029,12188063
0,5,8,20,1000000,wait_die,true,true,false,false,cycles.csv,periodic.csv,smallbank,0,0,0,0,0,0,0,0,0,0,1000000,90,20,5,0,0,0,0,0,0,0,0,0,0,0,0,0,0,0,0,0,0,0,0,0,0,0,0,0,0,0,0,0,0,0,0,0,1636363,1620324,19803968,196032,20000000,17999820,12222224
0,6,8,20,1000000,wait_die,true,true,false,false,cycles.csv,periodic.csv,smallbank,0,0,0,0,0,0,0,0,0,0,1000000,90,20,5,0,0,0,0,0,0,0,0,0,0,0,0,0,0,0,0,0,0,0,0,0,0,0,0,0,0,0,0,0,0,0,0,0,1656832,1640752,19805887,194113,20000000,18001905,12071223
0,7,8,20,1000000,wait_die,true,true,false,false,cycles.csv,periodic.csv,smallbank,0,0,0,0,0,0,0,0,0,0,1000000,90,20,5,0,0,0,0,0,0,0,0,0,0,0,0,0,0,0,0,0,0,0,0,0,0,0,0,0,0,0,0,0,0,0,0,0,1652655,1636521,19804750,195250,20000000,17999714,12101733
0,0,8,20,1000000,wait_die,false,true,false,false,cycles.csv,periodic.csv,smallbank,0,0,0,0,0,0,0,0,0,0,1000000,90,20,10,0,0,0,0,0,0,0,0,0,0,0,0,0,0,0,0,0,0,0,0,0,0,0,0,0,0,0,0,0,0,0,0,0,1375014,709682,10322548,9677452,20000000,0,14545301
0,1,8,20,1000000,wait_die,false,true,false,false,cycles.csv,periodic.csv,smallbank,0,0,0,0,0,0,0,0,0,0,1000000,90,20,10,0,0,0,0,0,0,0,0,0,0,0,0,0,0,0,0,0,0,0,0,0,0,0,0,0,0,0,0,0,0,0,0,0,1166605,688330,11800576,8199424,20000000,0,17143758
0,2,8,20,1000000,wait_die,false,true,false,false,cycles.csv,periodic.csv,smallbank,0,0,0,0,0,0,0,0,0,0,1000000,90,20,10,0,0,0,0,0,0,0,0,0,0,0,0,0,0,0,0,0,0,0,0,0,0,0,0,0,0,0,0,0,0,0,0,0,928651,669404,14416698,5583302,20000000,0,21536616
0,3,8,20,1000000,wait_die,false,true,false,false,cycles.csv,periodic.csv,smallbank,0,0,0,0,0,0,0,0,0,0,1000000,90,20,10,0,0,0,0,0,0,0,0,0,0,0,0,0,0,0,0,0,0,0,0,0,0,0,0,0,0,0,0,0,0,0,0,0,1008428,670206,13292107,6707893,20000000,0,19832843
0,4,8,20,1000000,wait_die,false,true,false,false,cycles.csv,periodic.csv,smallbank,0,0,0,0,0,0,0,0,0,0,1000000,90,20,10,0,0,0,0,0,0,0,0,0,0,0,0,0,0,0,0,0,0,0,0,0,0,0,0,0,0,0,0,0,0,0,0,0,982091,671238,13669568,6330432,20000000,0,20364704
0,5,8,20,1000000,wait_die,false,true,false,false,cycles.csv,periodic.csv,smallbank,0,0,0,0,0,0,0,0,0,0,1000000,90,20,10,0,0,0,0,0,0,0,0,0,0,0,0,0,0,0,0,0,0,0,0,0,0,0,0,0,0,0,0,0,0,0,0,0,1121871,680145,12125194,7874806,20000000,0,17827354
0,6,8,20,1000000,wait_die,false,true,false,false,cycles.csv,periodic.csv,smallbank,0,0,0,0,0,0,0,0,0,0,1000000,90,20,10,0,0,0,0,0,0,0,0,0,0,0,0,0,0,0,0,0,0,0,0,0,0,0,0,0,0,0,0,0,0,0,0,0,1572357,743315,9454790,10545210,20000000,0,12719752
0,7,8,20,1000000,wait_die,false,true,false,false,cycles.csv,periodic.csv,smallbank,0,0,0,0,0,0,0,0,0,0,1000000,90,20,10,0,0,0,0,0,0,0,0,0,0,0,0,0,0,0,0,0,0,0,0,0,0,0,0,0,0,0,0,0,0,0,0,0,1824401,783564,8589822,11410178,20000000,0,10962497
0,0,8,20,1000000,wait_die,true,true,false,false,cycles.csv,periodic.csv,smallbank,0,0,0,0,0,0,0,0,0,0,1000000,90,20,10,0,0,0,0,0,0,0,0,0,0,0,0,0,0,0,0,0,0,0,0,0,0,0,0,0,0,0,0,0,0,0,0,0,1622991,1607437,19808326,191674,20000000,18000359,12322920
0,1,8,20,1000000,wait_die,true,true,false,false,cycles.csv,periodic.csv,smallbank,0,0,0,0,0,0,0,0,0,0,1000000,90,20,10,0,0,0,0,0,0,0,0,0,0,0,0,0,0,0,0,0,0,0,0,0,0,0,0,0,0,0,0,0,0,0,0,0,1626429,1610842,19808334,191666,20000000,18001088,12296875
0,2,8,20,1000000,wait_die,true,true,false,false,cycles.csv,periodic.csv,smallbank,0,0,0,0,0,0,0,0,0,0,1000000,90,20,10,0,0,0,0,0,0,0,0,0,0,0,0,0,0,0,0,0,0,0,0,0,0,0,0,0,0,0,0,0,0,0,0,0,1623577,1608010,19808242,191758,20000000,18001314,12318479
0,3,8,20,1000000,wait_die,true,true,false,false,cycles.csv,periodic.csv,smallbank,0,0,0,0,0,0,0,0,0,0,1000000,90,20,10,0,0,0,0,0,0,0,0,0,0,0,0,0,0,0,0,0,0,0,0,0,0,0,0,0,0,0,0,0,0,0,0,0,1625354,1609702,19807402,192598,20000000,18001784,12305006
0,4,8,20,1000000,wait_die,true,true,false,false,cycles.csv,periodic.csv,smallbank,0,0,0,0,0,0,0,0,0,0,1000000,90,20,10,0,0,0,0,0,0,0,0,0,0,0,0,0,0,0,0,0,0,0,0,0,0,0,0,0,0,0,0,0,0,0,0,0,1623252,1607670,19808025,191975,20000000,17999328,12320945
0,5,8,20,1000000,wait_die,true,true,false,false,cycles.csv,periodic.csv,smallbank,0,0,0,0,0,0,0,0,0,0,1000000,90,20,10,0,0,0,0,0,0,0,0,0,0,0,0,0,0,0,0,0,0,0,0,0,0,0,0,0,0,0,0,0,0,0,0,0,1619294,1603742,19807907,192093,20000000,18000549,12351055
0,6,8,20,1000000,wait_die,true,true,false,false,cycles.csv,periodic.csv,smallbank,0,0,0,0,0,0,0,0,0,0,1000000,90,20,10,0,0,0,0,0,0,0,0,0,0,0,0,0,0,0,0,0,0,0,0,0,0,0,0,0,0,0,0,0,0,0,0,0,754526,746502,19787314,212686,20000000,18001793,26506694
0,7,8,20,1000000,wait_die,true,true,false,false,cycles.csv,periodic.csv,smallbank,0,0,0,0,0,0,0,0,0,0,1000000,90,20,10,0,0,0,0,0,0,0,0,0,0,0,0,0,0,0,0,0,0,0,0,0,0,0,0,0,0,0,0,0,0,0,0,0,1631173,1615467,19807426,192574,20000000,17999976,12261113
0,0,8,20,1000000,wait_die,false,true,false,false,cycles.csv,periodic.csv,smallbank,0,0,0,0,0,0,0,0,0,0,1000000,90,20,15,0,0,0,0,0,0,0,0,0,0,0,0,0,0,0,0,0,0,0,0,0,0,0,0,0,0,0,0,0,0,0,0,0,1430001,835362,11683384,8316616,20000000,0,13986002
0,1,8,20,1000000,wait_die,false,true,false,false,cycles.csv,periodic.csv,smallbank,0,0,0,0,0,0,0,0,0,0,1000000,90,20,15,0,0,0,0,0,0,0,0,0,0,0,0,0,0,0,0,0,0,0,0,0,0,0,0,0,0,0,0,0,0,0,0,0,1139509,787147,13815548,6184452,20000000,0,17551412
0,2,8,20,1000000,wait_die,false,true,false,false,cycles.csv,periodic.csv,smallbank,0,0,0,0,0,0,0,0,0,0,1000000,90,20,15,0,0,0,0,0,0,0,0,0,0,0,0,0,0,0,0,0,0,0,0,0,0,0,0,0,0,0,0,0,0,0,0,0,1019771,774721,15194025,4805975,20000000,0,19612235
0,3,8,20,1000000,wait_die,false,true,false,false,cycles.csv,periodic.csv,smallbank,0,0,0,0,0,0,0,0,0,0,1000000,90,20,15,0,0,0,0,0,0,0,0,0,0,0,0,0,0,0,0,0,0,0,0,0,0,0,0,0,0,0,0,0,0,0,0,0,1062466,778391,14652531,5347469,20000000,0,18824120
0,4,8,20,1000000,wait_die,false,true,false,false,cycles.csv,periodic.csv,smallbank,0,0,0,0,0,0,0,0,0,0,1000000,90,20,15,0,0,0,0,0,0,0,0,0,0,0,0,0,0,0,0,0,0,0,0,0,0,0,0,0,0,0,0,0,0,0,0,0,1141687,790993,13856559,6143441,20000000,0,17517926
0,5,8,20,1000000,wait_die,false,true,false,false,cycles.csv,periodic.csv,smallbank,0,0,0,0,0,0,0,0,0,0,1000000,90,20,15,0,0,0,0,0,0,0,0,0,0,0,0,0,0,0,0,0,0,0,0,0,0,0,0,0,0,0,0,0,0,0,0,0,1173756,792663,13506448,6493552,20000000,0,17039312
0,6,8,20,1000000,wait_die,false,true,false,false,cycles.csv,periodic.csv,smallbank,0,0,0,0,0,0,0,0,0,0,1000000,90,20,15,0,0,0,0,0,0,0,0,0,0,0,0,0,0,0,0,0,0,0,0,0,0,0,0,0,0,0,0,0,0,0,0,0,1521837,853150,11212109,8787891,20000000,0,13142011
0,7,8,20,1000000,wait_die,false,true,false,false,cycles.csv,periodic.csv,smallbank,0,0,0,0,0,0,0,0,0,0,1000000,90,20,15,0,0,0,0,0,0,0,0,0,0,0,0,0,0,0,0,0,0,0,0,0,0,0,0,0,0,0,0,0,0,0,0,0,1666338,883981,10609874,9390126,20000000,0,12002366
0,0,8,20,1000000,wait_die,true,true,false,false,cycles.csv,periodic.csv,smallbank,0,0,0,0,0,0,0,0,0,0,1000000,90,20,15,0,0,0,0,0,0,0,0,0,0,0,0,0,0,0,0,0,0,0,0,0,0,0,0,0,0,0,0,0,0,0,0,0,1627468,1611659,19805726,194274,20000000,17999757,12289023
0,1,8,20,1000000,wait_die,true,true,false,false,cycles.csv,periodic.csv,smallbank,0,0,0,0,0,0,0,0,0,0,1000000,90,20,15,0,0,0,0,0,0,0,0,0,0,0,0,0,0,0,0,0,0,0,0,0,0,0,0,0,0,0,0,0,0,0,0,0,1628082,1612303,19806166,193834,20000000,18001578,12284393
0,2,8,20,1000000,wait_die,true,true,false,false,cycles.csv,periodic.csv,smallbank,0,0,0,0,0,0,0,0,0,0,1000000,90,20,15,0,0,0,0,0,0,0,0,0,0,0,0,0,0,0,0,0,0,0,0,0,0,0,0,0,0,0,0,0,0,0,0,0,1629517,1613670,19805503,194497,20000000,18000887,12273572
0,3,8,20,1000000,wait_die,true,true,false,false,cycles.csv,periodic.csv,smallbank,0,0,0,0,0,0,0,0,0,0,1000000,90,20,15,0,0,0,0,0,0,0,0,0,0,0,0,0,0,0,0,0,0,0,0,0,0,0,0,0,0,0,0,0,0,0,0,0,1630983,1615057,19804708,195292,20000000,18002242,12262539
0,4,8,20,1000000,wait_die,true,true,false,false,cycles.csv,periodic.csv,smallbank,0,0,0,0,0,0,0,0,0,0,1000000,90,20,15,0,0,0,0,0,0,0,0,0,0,0,0,0,0,0,0,0,0,0,0,0,0,0,0,0,0,0,0,0,0,0,0,0,1628880,1613022,19805299,194701,20000000,17999010,12278374
0,5,8,20,1000000,wait_die,true,true,false,false,cycles.csv,periodic.csv,smallbank,0,0,0,0,0,0,0,0,0,0,1000000,90,20,15,0,0,0,0,0,0,0,0,0,0,0,0,0,0,0,0,0,0,0,0,0,0,0,0,0,0,0,0,0,0,0,0,0,1625254,1609407,19804981,195019,20000000,18000642,12305762
0,6,8,20,1000000,wait_die,true,true,false,false,cycles.csv,periodic.csv,smallbank,0,0,0,0,0,0,0,0,0,0,1000000,90,20,15,0,0,0,0,0,0,0,0,0,0,0,0,0,0,0,0,0,0,0,0,0,0,0,0,0,0,0,0,0,0,0,0,0,1642238,1626322,19806171,193829,20000000,18001078,12178498
0,7,8,20,1000000,wait_die,true,true,false,false,cycles.csv,periodic.csv,smallbank,0,0,0,0,0,0,0,0,0,0,1000000,90,20,15,0,0,0,0,0,0,0,0,0,0,0,0,0,0,0,0,0,0,0,0,0,0,0,0,0,0,0,0,0,0,0,0,0,1643577,1627475,19804056,195944,20000000,18000192,12168574
1,0,8,20,1000000,wait_die,false,true,false,false,cycles.csv,periodic.csv,smallbank,0,0,0,0,0,0,0,0,0,0,1000000,90,20,5,0,0,0,0,0,0,0,0,0,0,0,0,0,0,0,0,0,0,0,0,0,0,0,0,0,0,0,0,0,0,0,0,0,1833677,564472,6156721,13843279,20000000,0,10907043
1,1,8,20,1000000,wait_die,false,true,false,false,cycles.csv,periodic.csv,smallbank,0,0,0,0,0,0,0,0,0,0,1000000,90,20,5,0,0,0,0,0,0,0,0,0,0,0,0,0,0,0,0,0,0,0,0,0,0,0,0,0,0,0,0,0,0,0,0,0,1203089,495163,8231530,11768470,20000000,0,16623872
1,2,8,20,1000000,wait_die,false,true,false,false,cycles.csv,periodic.csv,smallbank,0,0,0,0,0,0,0,0,0,0,1000000,90,20,5,0,0,0,0,0,0,0,0,0,0,0,0,0,0,0,0,0,0,0,0,0,0,0,0,0,0,0,0,0,0,0,0,0,978489,494448,10106359,9893641,20000000,0,20439673
1,3,8,20,1000000,wait_die,false,true,false,false,cycles.csv,periodic.csv,smallbank,0,0,0,0,0,0,0,0,0,0,1000000,90,20,5,0,0,0,0,0,0,0,0,0,0,0,0,0,0,0,0,0,0,0,0,0,0,0,0,0,0,0,0,0,0,0,0,0,1013377,483101,9534490,10465510,20000000,0,19735988
1,4,8,20,1000000,wait_die,false,true,false,false,cycles.csv,periodic.csv,smallbank,0,0,0,0,0,0,0,0,0,0,1000000,90,20,5,0,0,0,0,0,0,0,0,0,0,0,0,0,0,0,0,0,0,0,0,0,0,0,0,0,0,0,0,0,0,0,0,0,964617,486863,10094442,9905558,20000000,0,20733614
1,5,8,20,1000000,wait_die,false,true,false,false,cycles.csv,periodic.csv,smallbank,0,0,0,0,0,0,0,0,0,0,1000000,90,20,5,0,0,0,0,0,0,0,0,0,0,0,0,0,0,0,0,0,0,0,0,0,0,0,0,0,0,0,0,0,0,0,0,0,1183148,495753,8380234,11619766,20000000,0,16904043
1,6,8,20,1000000,wait_die,false,true,false,false,cycles.csv,periodic.csv,smallbank,0,0,0,0,0,0,0,0,0,0,1000000,90,20,5,0,0,0,0,0,0,0,0,0,0,0,0,0,0,0,0,0,0,0,0,0,0,0,0,0,0,0,0,0,0,0,0,0,1958824,580808,5930176,14069824,20000000,0,10210206
1,7,8,20,1000000,wait_die,false,true,false,false,cycles.csv,periodic.csv,smallbank,0,0,0,0,0,0,0,0,0,0,1000000,90,20,5,0,0,0,0,0,0,0,0,0,0,0,0,0,0,0,0,0,0,0,0,0,0,0,0,0,0,0,0,0,0,0,0,0,720691,491863,13649776,6350224,20000000,0,27751140
1,0,8,20,1000000,wait_die,true,true,false,false,cycles.csv,periodic.csv,smallbank,0,0,0,0,0,0,0,0,0,0,1000000,90,20,5,0,0,0,0,0,0,0,0,0,0,0,0,0,0,0,0,0,0,0,0,0,0,0,0,0,0,0,0,0,0,0,0,0,1635565,1619672,19805657,194343,20000000,18000276,12228189
1,1,8,20,1000000,wait_die,true,true,false,false,cycles.csv,periodic.csv,smallbank,0,0,0,0,0,0,0,0,0,0,1000000,90,20,5,0,0,0,0,0,0,0,0,0,0,0,0,0,0,0,0,0,0,0,0,0,0,0,0,0,0,0,0,0,0,0,0,0,1636416,1620444,19804797,195203,20000000,18001174,12221827
1,2,8,20,1000000,wait_die,true,true,false,false,cycles.csv,periodic.csv,smallbank,0,0,0,0,0,0,0,0,0,0,1000000,90,20,5,0,0,0,0,0,0,0,0,0,0,0,0,0,0,0,0,0,0,0,0,0,0,0,0,0,0,0,0,0,0,0,0,0,1637294,1621296,19804590,195410,20000000,18001570,12215276
1,3,8,20,1000000,wait_die,true,true,false,false,cycles.csv,periodic.csv,smallbank,0,0,0,0,0,0,0,0,0,0,1000000,90,20,5,0,0,0,0,0,0,0,0,0,0,0,0,0,0,0,0,0,0,0,0,0,0,0,0,0,0,0,0,0,0,0,0,0,1639785,1623789,19804896,195104,20000000,18002467,12196716
1,4,8,20,1000000,wait_die,true,true,false,false,cycles.csv,periodic.csv,smallbank,0,0,0,0,0,0,0,0,0,0,1000000,90,20,5,0,0,0,0,0,0,0,0,0,0,0,0,0,0,0,0,0,0,0,0,0,0,0,0,0,0,0,0,0,0,0,0,0,1635674,1619731,19805059,194941,20000000,17999029,12227373
1,5,8,20,1000000,wait_die,true,true,false,false,cycles.csv,periodic.csv,smallbank,0,0,0,0,0,0,0,0,0,0,1000000,90,20,5,0,0,0,0,0,0,0,0,0,0,0,0,0,0,0,0,0,0,0,0,0,0,0,0,0,0,0,0,0,0,0,0,0,1633239,1617243,19804126,195874,20000000,17999820,12245604
1,6,8,20,1000000,wait_die,true,true,false,false,cycles.csv,periodic.csv,smallbank,0,0,0,0,0,0,0,0,0,0,1000000,90,20,5,0,0,0,0,0,0,0,0,0,0,0,0,0,0,0,0,0,0,0,0,0,0,0,0,0,0,0,0,0,0,0,0,0,1646776,1630784,19805781,194219,20000000,18001905,12144937
1,7,8,20,1000000,wait_die,true,true,false,false,cycles.csv,periodic.csv,smallbank,0,0,0,0,0,0,0,0,0,0,1000000,90,20,5,0,0,0,0,0,0,0,0,0,0,0,0,0,0,0,0,0,0,0,0,0,0,0,0,0,0,0,0,0,0,0,0,0,1648713,1632614,19804712,195288,20000000,17999714,12130672
1,0,8,20,1000000,wait_die,false,true,false,false,cycles.csv,periodic.csv,smallbank,0,0,0,0,0,0,0,0,0,0,1000000,90,20,10,0,0,0,0,0,0,0,0,0,0,0,0,0,0,0,0,0,0,0,0,0,0,0,0,0,0,0,0,0,0,0,0,0,1629538,754716,9262946,10737054,20000000,0,12273411
1,1,8,20,1000000,wait_die,false,true,false,false,cycles.csv,periodic.csv,smallbank,0,0,0,0,0,0,0,0,0,0,1000000,90,20,10,0,0,0,0,0,0,0,0,0,0,0,0,0,0,0,0,0,0,0,0,0,0,0,0,0,0,0,0,0,0,0,0,0,1195752,691005,11557667,8442333,20000000,0,16725869
1,2,8,20,1000000,wait_die,false,true,false,false,cycles.csv,periodic.csv,smallbank,0,0,0,0,0,0,0,0,0,0,1000000,90,20,10,0,0,0,0,0,0,0,0,0,0,0,0,0,0,0,0,0,0,0,0,0,0,0,0,0,0,0,0,0,0,0,0,0,1120937,691041,12329712,7670288,20000000,0,17842204
1,3,8,20,1000000,wait_die,false,true,false,false,cycles.csv,periodic.csv,smallbank,0,0,0,0,0,0,0,0,0,0,1000000,90,20,10,0,0,0,0,0,0,0,0,0,0,0,0,0,0,0,0,0,0,0,0,0,0,0,0,0,0,0,0,0,0,0,0,0,1160305,696937,12013001,7986999,20000000,0,17236837
1,4,8,20,1000000,wait_die,false,true,false,false,cycles.csv,periodic.csv,smallbank,0,0,0,0,0,0,0,0,0,0,1000000,90,20,10,0,0,0,0,0,0,0,0,0,0,0,0,0,0,0,0,0,0,0,0,0,0,0,0,0,0,0,0,0,0,0,0,0,1076562,679462,12622828,7377172,20000000,0,18577655
1,5,8,20,1000000,wait_die,false,true,false,false,cycles.csv,periodic.csv,smallbank,0,0,0,0,0,0,0,0,0,0,1000000,90,20,10,0,0,0,0,0,0,0,0,0,0,0,0,0,0,0,0,0,0,0,0,0,0,0,0,0,0,0,0,0,0,0,0,0,1246436,702139,11266349,8733651,20000000,0,16045747
1,6,8,20,1000000,wait_die,false,true,false,false,cycles.csv,periodic.csv,smallbank,0,0,0,0,0,0,0,0,0,0,1000000,90,20,10,0,0,0,0,0,0,0,0,0,0,0,0,0,0,0,0,0,0,0,0,0,0,0,0,0,0,0,0,0,0,0,0,0,1619986,757681,9354178,10645822,20000000,0,12345784
1,7,8,20,1000000,wait_die,false,true,false,false,cycles.csv,periodic.csv,smallbank,0,0,0,0,0,0,0,0,0,0,1000000,90,20,10,0,0,0,0,0,0,0,0,0,0,0,0,0,0,0,0,0,0,0,0,0,0,0,0,0,0,0,0,0,0,0,0,0,866230,668651,15438189,4561811,20000000,0,23088550
1,0,8,20,1000000,wait_die,true,true,false,false,cycles.csv,periodic.csv,smallbank,0,0,0,0,0,0,0,0,0,0,1000000,90,20,10,0,0,0,0,0,0,0,0,0,0,0,0,0,0,0,0,0,0,0,0,0,0,0,0,0,0,0,0,0,0,0,0,0,1604660,1589481,19810807,189193,20000000,18000359,12463692
1,1,8,20,1000000,wait_die,true,true,false,false,cycles.csv,periodic.csv,smallbank,0,0,0,0,0,0,0,0,0,0,1000000,90,20,10,0,0,0,0,0,0,0,0,0,0,0,0,0,0,0,0,0,0,0,0,0,0,0,0,0,0,0,0,0,0,0,0,0,1606156,1590974,19810956,189044,20000000,18001088,12452087
1,2,8,20,1000000,wait_die,true,true,false,false,cycles.csv,periodic.csv,smallbank,0,0,0,0,0,0,0,0,0,0,1000000,90,20,10,0,0,0,0,0,0,0,0,0,0,0,0,0,0,0,0,0,0,0,0,0,0,0,0,0,0,0,0,0,0,0,0,0,750960,743049,19789330,210670,20000000,18001314,26632575
1,3,8,20,1000000,wait_die,true,true,false,false,cycles.csv,periodic.csv,smallbank,0,0,0,0,0,0,0,0,0,0,1000000,90,20,10,0,0,0,0,0,0,0,0,0,0,0,0,0,0,0,0,0,0,0,0,0,0,0,0,0,0,0,0,0,0,0,0,0,1608308,1593035,19810069,189931,20000000,18001784,12435423
1,4,8,20,1000000,wait_die,true,true,false,false,cycles.csv,periodic.csv,smallbank,0,0,0,0,0,0,0,0,0,0,1000000,90,20,10,0,0,0,0,0,0,0,0,0,0,0,0,0,0,0,0,0,0,0,0,0,0,0,0,0,0,0,0,0,0,0,0,0,1605109,1589910,19810619,189381,20000000,17999328,12460211
1,5,8,20,1000000,wait_die,true,true,false,false,cycles.csv,periodic.csv,smallbank,0,0,0,0,0,0,0,0,0,0,1000000,90,20,10,0,0,0,0,0,0,0,0,0,0,0,0,0,0,0,0,0,0,0,0,0,0,0,0,0,0,0,0,0,0,0,0,0,1602643,1587467,19810616,189384,20000000,18000549,12479383
1,6,8,20,1000000,wait_die,true,true,false,false,cycles.csv,periodic.csv,smallbank,0,0,0,0,0,0,0,0,0,0,1000000,90,20,10,0,0,0,0,0,0,0,0,0,0,0,0,0,0,0,0,0,0,0,0,0,0,0,0,0,0,0,0,0,0,0,0,0,752657,744748,19789845,210155,20000000,18001793,26572506
1,7,8,20,1000000,wait_die,true,true,false,false,cycles.csv,periodic.csv,smallbank,0,0,0,0,0,0,0,0,0,0,1000000,90,20,10,0,0,0,0,0,0,0,0,0,0,0,0,0,0,0,0,0,0,0,0,0,0,0,0,0,0,0,0,0,0,0,0,0,1619739,1604350,19809975,190025,20000000,17999976,12347663
1,0,8,20,1000000,wait_die,false,true,false,false,cycles.csv,periodic.csv,smallbank,0,0,0,0,0,0,0,0,0,0,1000000,90,20,15,0,0,0,0,0,0,0,0,0,0,0,0,0,0,0,0,0,0,0,0,0,0,0,0,0,0,0,0,0,0,0,0,0,1378551,822682,11935460,8064540,20000000,0,14507978
1,1,8,20,1000000,wait_die,false,true,false,false,cycles.csv,periodic.csv,smallbank,0,0,0,0,0,0,0,0,0,0,1000000,90,20,15,0,0,0,0,0,0,0,0,0,0,0,0,0,0,0,0,0,0,0,0,0,0,0,0,0,0,0,0,0,0,0,0,0,1202516,795694,13233822,6766178,20000000,0,16631793
1,2,8,20,1000000,wait_die,false,true,false,false,cycles.csv,periodic.csv,smallbank,0,0,0,0,0,0,0,0,0,0,1000000,90,20,15,0,0,0,0,0,0,0,0,0,0,0,0,0,0,0,0,0,0,0,0,0,0,0,0,0,0,0,0,0,0,0,0,0,1011866,771206,15243231,4756769,20000000,0,19765446
1,3,8,20,1000000,wait_die,false,true,false,false,cycles.csv,periodic.csv,smallbank,0,0,0,0,0,0,0,0,0,0,1000000,90,20,15,0,0,0,0,0,0,0,0,0,0,0,0,0,0,0,0,0,0,0,0,0,0,0,0,0,0,0,0,0,0,0,0,0,1093262,779756,14264754,5735246,20000000,0,18293868
1,4,8,20,1000000,wait_die,false,true,false,false,cycles.csv,periodic.csv,smallbank,0,0,0,0,0,0,0,0,0,0,1000000,90,20,15,0,0,0,0,0,0,0,0,0,0,0,0,0,0,0,0,0,0,0,0,0,0,0,0,0,0,0,0,0,0,0,0,0,1043403,772797,14813003,5186997,20000000,0,19168032
1,5,8,20,1000000,wait_die,false,true,false,false,cycles.csv,periodic.csv,smallbank,0,0,0,0,0,0,0,0,0,0,1000000,90,20,15,0,0,0,0,0,0,0,0,0,0,0,0,0,0,0,0,0,0,0,0,0,0,0,0,0,0,0,0,0,0,0,0,0,1172650,787461,13430451,6569549,20000000,0,17055383
1,6,8,20,1000000,wait_die,false,true,false,false,cycles.csv,periodic.csv,smallbank,0,0,0,0,0,0,0,0,0,0,1000000,90,20,15,0,0,0,0,0,0,0,0,0,0,0,0,0,0,0,0,0,0,0,0,0,0,0,0,0,0,0,0,0,0,0,0,0,1499694,846131,11284053,8715947,20000000,0,13336050
1,7,8,20,1000000,wait_die,false,true,false,false,cycles.csv,periodic.csv,smallbank,0,0,0,0,0,0,0,0,0,0,1000000,90,20,15,0,0,0,0,0,0,0,0,0,0,0,0,0,0,0,0,0,0,0,0,0,0,0,0,0,0,0,0,0,0,0,0,0,1706591,888831,10416447,9583553,20000000,0,11719266
1,0,8,20,1000000,wait_die,true,true,false,false,cycles.csv,periodic.csv,smallbank,0,0,0,0,0,0,0,0,0,0,1000000,90,20,15,0,0,0,0,0,0,0,0,0,0,0,0,0,0,0,0,0,0,0,0,0,0,0,0,0,0,0,0,0,0,0,0,0,1630414,1614576,19805714,194286,20000000,17999757,12266817
1,1,8,20,1000000,wait_die,true,true,false,false,cycles.csv,periodic.csv,smallbank,0,0,0,0,0,0,0,0,0,0,1000000,90,20,15,0,0,0,0,0,0,0,0,0,0,0,0,0,0,0,0,0,0,0,0,0,0,0,0,0,0,0,0,0,0,0,0,0,1632884,1617061,19806191,193809,20000000,18001578,12248262
1,2,8,20,1000000,wait_die,true,true,false,false,cycles.csv,periodic.csv,smallbank,0,0,0,0,0,0,0,0,0,0,1000000,90,20,15,0,0,0,0,0,0,0,0,0,0,0,0,0,0,0,0,0,0,0,0,0,0,0,0,0,0,0,0,0,0,0,0,0,1633391,1617500,19805432,194568,20000000,18000887,12244465
1,3,8,20,1000000,wait_die,true,true,false,false,cycles.csv,periodic.csv,smallbank,0,0,0,0,0,0,0,0,0,0,1000000,90,20,15,0,0,0,0,0,0,0,0,0,0,0,0,0,0,0,0,0,0,0,0,0,0,0,0,0,0,0,0,0,0,0,0,0,1634085,1618119,19804582,195418,20000000,18002242,12239259
1,4,8,20,1000000,wait_die,true,true,false,false,cycles.csv,periodic.csv,smallbank,0,0,0,0,0,0,0,0,0,0,1000000,90,20,15,0,0,0,0,0,0,0,0,0,0,0,0,0,0,0,0,0,0,0,0,0,0,0,0,0,0,0,0,0,0,0,0,0,1632117,1616215,19805148,194852,20000000,17999010,12254023
1,5,8,20,1000000,wait_die,true,true,false,false,cycles.csv,periodic.csv,smallbank,0,0,0,0,0,0,0,0,0,0,1000000,90,20,15,0,0,0,0,0,0,0,0,0,0,0,0,0,0,0,0,0,0,0,0,0,0,0,0,0,0,0,0,0,0,0,0,0,1627994,1612104,19804787,195213,20000000,18000642,12285053
1,6,8,20,1000000,wait_die,true,true,false,false,cycles.csv,periodic.csv,smallbank,0,0,0,0,0,0,0,0,0,0,1000000,90,20,15,0,0,0,0,0,0,0,0,0,0,0,0,0,0,0,0,0,0,0,0,0,0,0,0,0,0,0,0,0,0,0,0,0,1646072,1630114,19806111,193889,20000000,18001078,12150136
1,7,8,20,1000000,wait_die,true,true,false,false,cycles.csv,periodic.csv,smallbank,0,0,0,0,0,0,0,0,0,0,1000000,90,20,15,0,0,0,0,0,0,0,0,0,0,0,0,0,0,0,0,0,0,0,0,0,0,0,0,0,0,0,0,0,0,0,0,0,1645937,1629835,19804347,195653,20000000,18000192,12151133
2,0,8,20,1000000,wait_die,false,true,false,false,cycles.csv,periodic.csv,smallbank,0,0,0,0,0,0,0,0,0,0,1000000,90,20,5,0,0,0,0,0,0,0,0,0,0,0,0,0,0,0,0,0,0,0,0,0,0,0,0,0,0,0,0,0,0,0,0,0,1341949,497600,7416088,12583912,20000000,0,14903691
2,1,8,20,1000000,wait_die,false,true,false,false,cycles.csv,periodic.csv,smallbank,0,0,0,0,0,0,0,0,0,0,1000000,90,20,5,0,0,0,0,0,0,0,0,0,0,0,0,0,0,0,0,0,0,0,0,0,0,0,0,0,0,0,0,0,0,0,0,0,959689,457142,9526888,10473112,20000000,0,20840065
2,2,8,20,1000000,wait_die,false,true,false,false,cycles.csv,periodic.csv,smallbank,0,0,0,0,0,0,0,0,0,0,1000000,90,20,5,0,0,0,0,0,0,0,0,0,0,0,0,0,0,0,0,0,0,0,0,0,0,0,0,0,0,0,0,0,0,0,0,0,560902,342743,12221166,7778834,20000000,0,35656849
2,3,8,20,1000000,wait_die,false,true,false,false,cycles.csv,periodic.csv,smallbank,0,0,0,0,0,0,0,0,0,0,1000000,90,20,5,0,0,0,0,0,0,0,0,0,0,0,0,0,0,0,0,0,0,0,0,0,0,0,0,0,0,0,0,0,0,0,0,0,849975,453360,10667609,9332391,20000000,0,23530085
2,4,8,20,1000000,wait_die,false,true,false,false,cycles.csv,periodic.csv,smallbank,0,0,0,0,0,0,0,0,0,0,1000000,90,20,5,0,0,0,0,0,0,0,0,0,0,0,0,0,0,0,0,0,0,0,0,0,0,0,0,0,0,0,0,0,0,0,0,0,793117,456523,11512129,8487871,20000000,0,25216952
2,5,8,20,1000000,wait_die,false,true,false,false,cycles.csv,periodic.csv,smallbank,0,0,0,0,0,0,0,0,0,0,1000000,90,20,5,0,0,0,0,0,0,0,0,0,0,0,0,0,0,0,0,0,0,0,0,0,0,0,0,0,0,0,0,0,0,0,0,0,955215,461058,9653487,10346513,20000000,0,20937679
2,6,8,20,1000000,wait_die,false,true,false,false,cycles.csv,periodic.csv,smallbank,0,0,0,0,0,0,0,0,0,0,1000000,90,20,5,0,0,0,0,0,0,0,0,0,0,0,0,0,0,0,0,0,0,0,0,0,0,0,0,0,0,0,0,0,0,0,0,0,1741386,552818,6349182,13650818,20000000,0,11485102
2,7,8,20,1000000,wait_die,false,true,false,false,cycles.csv,periodic.csv,smallbank,0,0,0,0,0,0,0,0,0,0,1000000,90,20,5,0,0,0,0,0,0,0,0,0,0,0,0,0,0,0,0,0,0,0,0,0,0,0,0,0,0,0,0,0,0,0,0,0,1799753,560068,6223831,13776169,20000000,0,11112634
2,0,8,20,1000000,wait_die,true,true,false,false,cycles.csv,periodic.csv,smallbank,0,0,0,0,0,0,0,0,0,0,1000000,90,20,5,0,0,0,0,0,0,0,0,0,0,0,0,0,0,0,0,0,0,0,0,0,0,0,0,0,0,0,0,0,0,0,0,0,1639831,1623904,19805743,194257,20000000,18000276,12196375
2,1,8,20,1000000,wait_die,true,true,false,false,cycles.csv,periodic.csv,smallbank,0,0,0,0,0,0,0,0,0,0,1000000,90,20,5,0,0,0,0,0,0,0,0,0,0,0,0,0,0,0,0,0,0,0,0,0,0,0,0,0,0,0,0,0,0,0,0,0,1641733,1625716,19804873,195127,20000000,18001174,12182246
2,2,8,20,1000000,wait_die,true,true,false,false,cycles.csv,periodic.csv,smallbank,0,0,0,0,0,0,0,0,0,0,1000000,90,20,5,0,0,0,0,0,0,0,0,0,0,0,0,0,0,0,0,0,0,0,0,0,0,0,0,0,0,0,0,0,0,0,0,0,1639326,1623297,19804438,195562,20000000,18001570,12200132
2,3,8,20,1000000,wait_die,true,true,false,false,cycles.csv,periodic.csv,smallbank,0,0,0,0,0,0,0,0,0,0,1000000,90,20,5,0,0,0,0,0,0,0,0,0,0,0,0,0,0,0,0,0,0,0,0,0,0,0,0,0,0,0,0,0,0,0,0,0,1643575,1627548,19804972,195028,20000000,18002467,12168591
2,4,8,20,1000000,wait_die,true,true,false,false,cycles.csv,periodic.csv,smallbank,0,0,0,0,0,0,0,0,0,0,1000000,90,20,5,0,0,0,0,0,0,0,0,0,0,0,0,0,0,0,0,0,0,0,0,0,0,0,0,0,0,0,0,0,0,0,0,0,1639955,1623967,19805014,194986,20000000,17999029,12195453
2,5,8,20,1000000,wait_die,true,true,false,false,cycles.csv,periodic.csv,smallbank,0,0,0,0,0,0,0,0,0,0,1000000,90,20,5,0,0,0,0,0,0,0,0,0,0,0,0,0,0,0,0,0,0,0,0,0,0,0,0,0,0,0,0,0,0,0,0,0,1638602,1622552,19804098,195902,20000000,17999820,12205521
2,6,8,20,1000000,wait_die,true,true,false,false,cycles.csv,periodic.csv,smallbank,0,0,0,0,0,0,0,0,0,0,1000000,90,20,5,0,0,0,0,0,0,0,0,0,0,0,0,0,0,0,0,0,0,0,0,0,0,0,0,0,0,0,0,0,0,0,0,0,1655670,1639599,19805872,194128,20000000,18001905,12079699
2,7,8,20,1000000,wait_die,true,true,false,false,cycles.csv,periodic.csv,smallbank,0,0,0,0,0,0,0,0,0,0,1000000,90,20,5,0,0,0,0,0,0,0,0,0,0,0,0,0,0,0,0,0,0,0,0,0,0,0,0,0,0,0,0,0,0,0,0,0,1652541,1636403,19804692,195308,20000000,17999714,12102570
2,0,8,20,1000000,wait_die,false,true,false,false,cycles.csv,periodic.csv,smallbank,0,0,0,0,0,0,0,0,0,0,1000000,90,20,10,0,0,0,0,0,0,0,0,0,0,0,0,0,0,0,0,0,0,0,0,0,0,0,0,0,0,0,0,0,0,0,0,0,1408044,714982,10155677,9844323,20000000,0,14204094
2,1,8,20,1000000,wait_die,false,true,false,false,cycles.csv,periodic.csv,smallbank,0,0,0,0,0,0,0,0,0,0,1000000,90,20,10,0,0,0,0,0,0,0,0,0,0,0,0,0,0,0,0,0,0,0,0,0,0,0,0,0,0,0,0,0,0,0,0,0,1084428,677512,12495284,7504716,20000000,0,18442893
2,2,8,20,1000000,wait_die,false,true,false,false,cycles.csv,periodic.csv,smallbank,0,0,0,0,0,0,0,0,0,0,1000000,90,20,10,0,0,0,0,0,0,0,0,0,0,0,0,0,0,0,0,0,0,0,0,0,0,0,0,0,0,0,0,0,0,0,0,0,1003715,680103,13551717,6448283,20000000,0,19925959
2,3,8,20,1000000,wait_die,false,true,false,false,cycles.csv,periodic.csv,smallbank,0,0,0,0,0,0,0,0,0,0,1000000,90,20,10,0,0,0,0,0,0,0,0,0,0,0,0,0,0,0,0,0,0,0,0,0,0,0,0,0,0,0,0,0,0,0,0,0,978956,672099,13730931,6269069,20000000,0,20429922
2,4,8,20,1000000,wait_die,false,true,false,false,cycles.csv,periodic.csv,smallbank,0,0,0,0,0,0,0,0,0,0,1000000,90,20,10,0,0,0,0,0,0,0,0,0,0,0,0,0,0,0,0,0,0,0,0,0,0,0,0,0,0,0,0,0,0,0,0,0,984458,673095,13674432,6325568,20000000,0,20315735
2,5,8,20,1000000,wait_die,false,true,false,false,cycles.csv,periodic.csv,smallbank,0,0,0,0,0,0,0,0,0,0,1000000,90,20,10,0,0,0,0,0,0,0,0,0,0,0,0,0,0,0,0,0,0,0,0,0,0,0,0,0,0,0,0,0,0,0,0,0,1120846,682872,12184955,7815045,20000000,0,17843664
2,6,8,20,1000000,wait_die,false,true,false,false,cycles.csv,periodic.csv,smallbank,0,0,0,0,0,0,0,0,0,0,1000000,90,20,10,0,0,0,0,0,0,0,0,0,0,0,0,0,0,0,0,0,0,0,0,0,0,0,0,0,0,0,0,0,0,0,0,0,1603629,751533,9372904,10627096,20000000,0,12471712
2,7,8,20,1000000,wait_die,false,true,false,false,cycles.csv,periodic.csv,smallbank,0,0,0,0,0,0,0,0,0,0,1000000,90,20,10,0,0,0,0,0,0,0,0,0,0,0,0,0,0,0,0,0,0,0,0,0,0,0,0,0,0,0,0,0,0,0,0,0,1828312,790759,8650160,11349840,20000000,0,10939047
2,0,8,20,1000000,wait_die,true,true,false,false,cycles.csv,periodic.csv,smallbank,0,0,0,0,0,0,0,0,0,0,1000000,90,20,10,0,0,0,0,0,0,0,0,0,0,0,0,0,0,0,0,0,0,0,0,0,0,0,0,0,0,0,0,0,0,0,0,0,1626763,1610969,19805822,194178,20000000,18000359,12294351
2,1,8,20,1000000,wait_die,true,true,false,false,cycles.csv,periodic.csv,smallbank,0,0,0,0,0,0,0,0,0,0,1000000,90,20,10,0,0,0,0,0,0,0,0,0,0,0,0,0,0,0,0,0,0,0,0,0,0,0,0,0,0,0,0,0,0,0,0,0,1632668,1616820,19805861,194139,20000000,18001088,12249882
2,2,8,20,1000000,wait_die,true,true,false,false,cycles.csv,periodic.csv,smallbank,0,0,0,0,0,0,0,0,0,0,1000000,90,20,10,0,0,0,0,0,0,0,0,0,0,0,0,0,0,0,0,0,0,0,0,0,0,0,0,0,0,0,0,0,0,0,0,0,1629671,1613835,19805647,194353,20000000,18001314,12272410
2,3,8,20,1000000,wait_die,true,true,false,false,cycles.csv,periodic.csv,smallbank,0,0,0,0,0,0,0,0,0,0,1000000,90,20,10,0,0,0,0,0,0,0,0,0,0,0,0,0,0,0,0,0,0,0,0,0,0,0,0,0,0,0,0,0,0,0,0,0,1631655,1615728,19804775,195225,20000000,18001784,12257491
2,4,8,20,1000000,wait_die,true,true,false,false,cycles.csv,periodic.csv,smallbank,0,0,0,0,0,0,0,0,0,0,1000000,90,20,10,0,0,0,0,0,0,0,0,0,0,0,0,0,0,0,0,0,0,0,0,0,0,0,0,0,0,0,0,0,0,0,0,0,1627497,1611662,19805403,194597,20000000,17999328,12288802
2,5,8,20,1000000,wait_die,true,true,false,false,cycles.csv,periodic.csv,smallbank,0,0,0,0,0,0,0,0,0,0,1000000,90,20,10,0,0,0,0,0,0,0,0,0,0,0,0,0,0,0,0,0,0,0,0,0,0,0,0,0,0,0,0,0,0,0,0,0,1625869,1610050,19805409,194591,20000000,18000549,12301112
2,6,8,20,1000000,wait_die,true,true,false,false,cycles.csv,periodic.csv,smallbank,0,0,0,0,0,0,0,0,0,0,1000000,90,20,10,0,0,0,0,0,0,0,0,0,0,0,0,0,0,0,0,0,0,0,0,0,0,0,0,0,0,0,0,0,0,0,0,0,1639008,1623093,19805802,194198,20000000,18001793,12202500
2,7,8,20,1000000,wait_die,true,true,false,false,cycles.csv,periodic.csv,smallbank,0,0,0,0,0,0,0,0,0,0,1000000,90,20,10,0,0,0,0,0,0,0,0,0,0,0,0,0,0,0,0,0,0,0,0,0,0,0,0,0,0,0,0,0,0,0,0,0,1643669,1627620,19804720,195280,20000000,17999976,12167899
2,0,8,20,1000000,wait_die,false,true,false,false,cycles.csv,periodic.csv,smallbank,0,0,0,0,0,0,0,0,0,0,1000000,90,20,15,0,0,0,0,0,0,0,0,0,0,0,0,0,0,0,0,0,0,0,0,0,0,0,0,0,0,0,0,0,0,0,0,0,1394865,793724,11380669,8619331,20000000,0,14338304
2,1,8,20,1000000,wait_die,false,true,false,false,cycles.csv,periodic.csv,smallbank,0,0,0,0,0,0,0,0,0,0,1000000,90,20,15,0,0,0,0,0,0,0,0,0,0,0,0,0,0,0,0,0,0,0,0,0,0,0,0,0,0,0,0,0,0,0,0,0,1147840,746901,13014036,6985964,20000000,0,17424028
2,2,8,20,1000000,wait_die,false,true,false,false,cycles.csv,periodic.csv,smallbank,0,0,0,0,0,0,0,0,0,0,1000000,90,20,15,0,0,0,0,0,0,0,0,0,0,0,0,0,0,0,0,0,0,0,0,0,0,0,0,0,0,0,0,0,0,0,0,0,678537,486509,14339949,5660051,20000000,0,29475149
2,3,8,20,1000000,wait_die,false,true,false,false,cycles.csv,periodic.csv,smallbank,0,0,0,0,0,0,0,0,0,0,1000000,90,20,15,0,0,0,0,0,0,0,0,0,0,0,0,0,0,0,0,0,0,0,0,0,0,0,0,0,0,0,0,0,0,0,0,0,1071932,733227,13680480,6319520,20000000,0,18657883
2,4,8,20,1000000,wait_die,false,true,false,false,cycles.csv,periodic.csv,smallbank,0,0,0,0,0,0,0,0,0,0,1000000,90,20,15,0,0,0,0,0,0,0,0,0,0,0,0,0,0,0,0,0,0,0,0,0,0,0,0,0,0,0,0,0,0,0,0,0,1056418,732297,13863771,6136229,20000000,0,18931885
2,5,8,20,1000000,wait_die,false,true,false,false,cycles.csv,periodic.csv,smallbank,0,0,0,0,0,0,0,0,0,0,1000000,90,20,15,0,0,0,0,0,0,0,0,0,0,0,0,0,0,0,0,0,0,0,0,0,0,0,0,0,0,0,0,0,0,0,0,0,1174605,751215,12790948,7209052,20000000,0,17026994
2,6,8,20,1000000,wait_die,false,true,false,false,cycles.csv,periodic.csv,smallbank,0,0,0,0,0,0,0,0,0,0,1000000,90,20,15,0,0,0,0,0,0,0,0,0,0,0,0,0,0,0,0,0,0,0,0,0,0,0,0,0,0,0,0,0,0,0,0,0,1550719,826812,10663604,9336396,20000000,0,12897241
2,7,8,20,1000000,wait_die,false,true,false,false,cycles.csv,periodic.csv,smallbank,0,0,0,0,0,0,0,0,0,0,1000000,90,20,15,0,0,0,0,0,0,0,0,0,0,0,0,0,0,0,0,0,0,0,0,0,0,0,0,0,0,0,0,0,0,0,0,0,858559,688284,16033457,3966543,20000000,0,23294824
2,0,8,20,1000000,wait_die,true,true,false,false,cycles.csv,periodic.csv,smallbank,0,0,0,0,0,0,0,0,0,0,1000000,90,20,15,0,0,0,0,0,0,0,0,0,0,0,0,0,0,0,0,0,0,0,0,0,0,0,0,0,0,0,0,0,0,0,0,0,1634466,1618593,19805772,194228,20000000,17999757,12236406
2,1,8,20,1000000,wait_die,true,true,false,false,cycles.csv,periodic.csv,smallbank,0,0,0,0,0,0,0,0,0,0,1000000,90,20,15,0,0,0,0,0,0,0,0,0,0,0,0,0,0,0,0,0,0,0,0,0,0,0,0,0,0,0,0,0,0,0,0,0,1635486,1619635,19806155,193845,20000000,18001578,12228776
2,2,8,20,1000000,wait_die,true,true,false,false,cycles.csv,periodic.csv,smallbank,0,0,0,0,0,0,0,0,0,0,1000000,90,20,15,0,0,0,0,0,0,0,0,0,0,0,0,0,0,0,0,0,0,0,0,0,0,0,0,0,0,0,0,0,0,0,0,0,1633833,1617924,19805257,194743,20000000,18000887,12241149
2,3,8,20,1000000,wait_die,true,true,false,false,cycles.csv,periodic.csv,smallbank,0,0,0,0,0,0,0,0,0,0,1000000,90,20,15,0,0,0,0,0,0,0,0,0,0,0,0,0,0,0,0,0,0,0,0,0,0,0,0,0,0,0,0,0,0,0,0,0,1638015,1622011,19804595,195405,20000000,18002242,12209899
2,4,8,20,1000000,wait_die,true,true,false,false,cycles.csv,periodic.csv,smallbank,0,0,0,0,0,0,0,0,0,0,1000000,90,20,15,0,0,0,0,0,0,0,0,0,0,0,0,0,0,0,0,0,0,0,0,0,0,0,0,0,0,0,0,0,0,0,0,0,1634063,1618139,19805098,194902,20000000,17999010,12239428
2,5,8,20,1000000,wait_die,true,true,false,false,cycles.csv,periodic.csv,smallbank,0,0,0,0,0,0,0,0,0,0,1000000,90,20,15,0,0,0,0,0,0,0,0,0,0,0,0,0,0,0,0,0,0,0,0,0,0,0,0,0,0,0,0,0,0,0,0,0,1632252,1616333,19804941,195059,20000000,18000642,12253003
2,6,8,20,1000000,wait_die,true,true,false,false,cycles.csv,periodic.csv,smallbank,0,0,0,0,0,0,0,0,0,0,1000000,90,20,15,0,0,0,0,0,0,0,0,0,0,0,0,0,0,0,0,0,0,0,0,0,0,0,0,0,0,0,0,0,0,0,0,0,1649868,1633880,19806193,193807,20000000,18001078,12122180
2,7,8,20,1000000,wait_die,true,true,false,false,cycles.csv,periodic.csv,smallbank,0,0,0,0,0,0,0,0,0,0,1000000,90,20,15,0,0,0,0,0,0,0,0,0,0,0,0,0,0,0,0,0,0,0,0,0,0,0,0,0,0,0,0,0,0,0,0,0,1645163,1629069,19804353,195647,20000000,18000192,12156849
